source,members,n_members,train_n,train_mae,train_rmse,train_r2,train_accuracy_at_thresh,test_n,test_mae,test_rmse,test_r2,test_accuracy_at_thresh
ensemble,Descriptors__RandomForest + Fingerprints__GradientBoosting + Molformer Embeddings__Lasso + Molformer Embeddings__RandomForest,4,163,0.16088556814388696,0.19980503961702906,0.9743932824228572,0.9938650306748467,41,0.3854964439778445,0.5288140602164564,0.797899253186985,0.7560975609756098
ensemble,Chemberta Embeddings__RandomForest + Descriptors__RandomForest + Fingerprints__GradientBoosting + Molformer Embeddings__Lasso,4,163,0.15814045474823846,0.19779455538575214,0.9749060111371787,0.9938650306748467,41,0.39211738109534666,0.5343643757469829,0.7936345799245889,0.7073170731707317
ensemble,Fingerprints__GradientBoosting + Molformer Embeddings__Lasso + Molformer Embeddings__RandomForest,3,163,0.1505802912341413,0.18375789540023238,0.9783412667890636,1.0,41,0.40305035096367664,0.5388040235698286,0.7901912524519346,0.7317073170731707
ensemble,Descriptors__RandomForest + Fingerprints__GradientBoosting + Fingerprints__PLS + Molformer Embeddings__Lasso + Molformer Embeddings__RandomForest,5,163,0.13301388517191928,0.1643078688602395,0.982683593957293,1.0,41,0.39155986421365346,0.5395876119374438,0.7895805545587578,0.7317073170731707
ensemble,Descriptors__RandomForest + Descriptors__SVR_RBF + Fingerprints__GradientBoosting + Molformer Embeddings__Lasso + Molformer Embeddings__RandomForest,5,163,0.15198528849255982,0.1876564799818021,0.9774124999409045,1.0,41,0.3968111408031735,0.5406192776715063,0.788775161504694,0.7073170731707317
ensemble,Descriptors__RandomForest + Descriptors__SVR_RBF + Fingerprints__GradientBoosting + Fingerprints__RandomForest + Molformer Embeddings__Lasso + Molformer Embeddings__RandomForest,6,163,0.15638874282457516,0.1959828559840805,0.975363602665966,1.0,41,0.3932146312668354,0.5415474507127574,0.7880492476952107,0.7073170731707317
ensemble,Descriptors__RandomForest + Molformer Embeddings__Lasso,2,163,0.1783945655068518,0.22838411178392293,0.966544092813051,0.950920245398773,41,0.3923063859392974,0.5422626924351605,0.7874890156040951,0.6829268292682927
ensemble,Chemberta Embeddings__SVR_RBF + Descriptors__RandomForest + Fingerprints__GradientBoosting + Fingerprints__RandomForest + Molformer Embeddings__Lasso + Molformer Embeddings__RandomForest,6,163,0.1514968212761184,0.1896549260308954,0.9769288474846325,1.0,41,0.3840052645166651,0.5434374846582257,0.786567223672529,0.7317073170731707
ensemble,Chemberta Embeddings__SVR_RBF + Descriptors__RandomForest + Fingerprints__GradientBoosting + Molformer Embeddings__Lasso + Molformer Embeddings__RandomForest,5,163,0.14591856327869024,0.1793761897710311,0.979361856647113,1.0,41,0.3869086356853737,0.5441499294841478,0.7860072374516398,0.7317073170731707
ensemble,Descriptors__RandomForest + Descriptors__SVR_RBF + Fingerprints__GradientBoosting + Fingerprints__PLS + Molformer Embeddings__Lasso + Molformer Embeddings__RandomForest + Molformer Embeddings__SVR_RBF,7,163,0.12379439658890486,0.14893231387550201,0.9857728172782546,1.0,41,0.4002639406581859,0.5443363718695156,0.7858605714173019,0.7073170731707317
ensemble,Chemberta Embeddings__RandomForest + Descriptors__RandomForest + Fingerprints__GradientBoosting + Fingerprints__PLS + Molformer Embeddings__Lasso,5,163,0.13094573679203314,0.16263532975045006,0.9830343374516568,1.0,41,0.39801109805913365,0.5443766079788891,0.7858289128460303,0.6829268292682927
ensemble,Descriptors__RandomForest + Descriptors__SVR_RBF + Fingerprints__GradientBoosting + Fingerprints__PLS + Fingerprints__RandomForest + Molformer Embeddings__Lasso + Molformer Embeddings__RandomForest + Molformer Embeddings__SVR_RBF,8,163,0.13035359187194803,0.1596788933032645,0.98364554548467,1.0,41,0.3968197988948144,0.5445529538668288,0.7856901327907755,0.6829268292682927
ensemble,Descriptors__RandomForest + Descriptors__SVR_RBF + Fingerprints__GradientBoosting + Fingerprints__PLS + Molformer Embeddings__Lasso + Molformer Embeddings__RandomForest,6,163,0.13017939696844116,0.1605509546203621,0.9834664230981222,1.0,41,0.3996011156838279,0.5452048499538841,0.7851767157339138,0.6829268292682927
ensemble,Descriptors__SVR_RBF + Fingerprints__GradientBoosting + Fingerprints__RandomForest + Molformer Embeddings__Lasso + Molformer Embeddings__RandomForest,5,163,0.14808952686921678,0.18449362353035265,0.9781674855283329,1.0,41,0.4009445275757017,0.5455453771417612,0.784908280799405,0.7317073170731707
ensemble,Chemberta Embeddings__RandomForest + Descriptors__RandomForest + Fingerprints__GradientBoosting + Fingerprints__PLS + Fingerprints__RandomForest + Molformer Embeddings__Lasso,6,163,0.1389541933946997,0.17599570402962872,0.9801324108977589,1.0,41,0.39564782918875324,0.5459781143906844,0.7845669155584655,0.7073170731707317
ensemble,Descriptors__RandomForest + Descriptors__SVR_RBF + Fingerprints__GradientBoosting + Fingerprints__PLS + Fingerprints__RandomForest + Molformer Embeddings__Lasso + Molformer Embeddings__RandomForest,7,163,0.13705190178872306,0.17137396841530492,0.9811621756744202,1.0,41,0.39575964295059735,0.5461183485908975,0.7844562335902666,0.6829268292682927
ensemble,Chemberta Embeddings__RandomForest + Descriptors__RandomForest + Descriptors__SVR_RBF + Fingerprints__GradientBoosting + Molformer Embeddings__Lasso,5,163,0.1495579979828562,0.18632952904198252,0.9777308106551623,1.0,41,0.40208046818480947,0.5466896855691936,0.7840050034056902,0.7073170731707317
ensemble,Descriptors__SVR_RBF + Fingerprints__GradientBoosting + Molformer Embeddings__Lasso + Molformer Embeddings__RandomForest,4,163,0.14107781373509126,0.1730784076438237,0.9807856004518827,1.0,41,0.4088601900552061,0.5467346032206782,0.7839695083641424,0.7317073170731707
ensemble,Chemberta Embeddings__RandomForest + Descriptors__RandomForest + Descriptors__SVR_RBF + Fingerprints__GradientBoosting + Fingerprints__RandomForest + Molformer Embeddings__Lasso,6,163,0.15418935006309267,0.19500238047633134,0.9756094911240903,1.0,41,0.396862656013456,0.5471275874785849,0.7836588380933879,0.7073170731707317
ensemble,Chemberta Embeddings__SVR_RBF + Descriptors__RandomForest + Fingerprints__GradientBoosting + Fingerprints__PLS + Fingerprints__RandomForest + Molformer Embeddings__Lasso + Molformer Embeddings__RandomForest,7,163,0.1328900080293207,0.16572927878298524,0.9823826932536524,1.0,41,0.3864652384882873,0.5472115228779085,0.7835924547667149,0.7317073170731707
ensemble,Chemberta Embeddings__SVR_RBF + Descriptors__RandomForest + Fingerprints__GradientBoosting + Fingerprints__PLS + Molformer Embeddings__Lasso + Molformer Embeddings__RandomForest,6,163,0.12524825835392245,0.15335059521233532,0.9849161582527219,1.0,41,0.3879166093931638,0.5472514526198602,0.783560871321029,0.7317073170731707
ensemble,Fingerprints__GradientBoosting + Fingerprints__PLS + Molformer Embeddings__Lasso + Molformer Embeddings__RandomForest,4,163,0.1182854332795447,0.14413920122367258,0.9866738328177231,1.0,41,0.40138963856644255,0.5484818977419744,0.7825864897528378,0.7317073170731707
ensemble,Chemberta Embeddings__SVR_RBF + Descriptors__RandomForest + Descriptors__SVR_RBF + Fingerprints__GradientBoosting + Fingerprints__PLS + Fingerprints__RandomForest + Molformer Embeddings__Lasso + Molformer Embeddings__SVR_RBF,8,163,0.11275499231795501,0.1380691439130784,0.9877725949384595,1.0,41,0.3901983369757604,0.5486479674457858,0.7824548126146558,0.7073170731707317
ensemble,Chemberta Embeddings__SVR_RBF + Descriptors__RandomForest + Fingerprints__GradientBoosting + Fingerprints__PLS + Fingerprints__RandomForest + Molformer Embeddings__Lasso + Molformer Embeddings__RandomForest + Molformer Embeddings__SVR_RBF,8,163,0.12735910538131842,0.15485270067547313,0.9846192113910613,1.0,41,0.39119338824539274,0.5488072550070703,0.7823284756019532,0.7073170731707317
ensemble,Descriptors__SVR_RBF + Fingerprints__GradientBoosting + Fingerprints__PLS + Molformer Embeddings__Lasso + Molformer Embeddings__RandomForest + Molformer Embeddings__SVR_RBF,6,163,0.1121014758399603,0.13340861284941952,0.9885841363654956,1.0,41,0.4087015175224918,0.5489168584619217,0.7822415236413147,0.7073170731707317
ensemble,Chemberta Embeddings__RandomForest + Descriptors__RandomForest + Descriptors__SVR_RBF + Fingerprints__GradientBoosting + Fingerprints__PLS + Fingerprints__RandomForest + Molformer Embeddings__Lasso + Molformer Embeddings__SVR_RBF,8,163,0.12865042873233437,0.15877254937720148,0.9838306756908101,1.0,41,0.3998057917962508,0.5489682146864318,0.7822007751156442,0.6829268292682927
ensemble,Chemberta Embeddings__SVR_RBF + Descriptors__RandomForest + Descriptors__SVR_RBF + Fingerprints__GradientBoosting + Fingerprints__RandomForest + Molformer Embeddings__Lasso + Molformer Embeddings__RandomForest,7,163,0.14623481699660767,0.18210718424302555,0.9787286431204327,1.0,41,0.3896205360617955,0.5496055020173659,0.7816948031901247,0.7317073170731707
ensemble,Descriptors__RandomForest + Fingerprints__PLS + Molformer Embeddings__Lasso,3,163,0.126477851750321,0.15947764831706204,0.983686742889105,1.0,41,0.4032499437831306,0.5497639659824739,0.7815689001778117,0.7560975609756098
ensemble,Descriptors__SVR_RBF + Fingerprints__GradientBoosting + Fingerprints__PLS + Fingerprints__RandomForest + Molformer Embeddings__Lasso + Molformer Embeddings__RandomForest,6,163,0.1271092189062908,0.1580820118522992,0.9839710178915424,1.0,41,0.4038860365850771,0.5500664010163736,0.7813285083300393,0.7073170731707317
ensemble,Chemberta Embeddings__SVR_RBF + Descriptors__RandomForest + Descriptors__SVR_RBF + Fingerprints__GradientBoosting + Fingerprints__RandomForest + Molformer Embeddings__Lasso + Molformer Embeddings__RandomForest + Molformer Embeddings__SVR_RBF,8,163,0.1384721086814787,0.1691390488517994,0.9816503069688581,1.0,41,0.3924174873377291,0.5502834226741257,0.781155926215571,0.7073170731707317
ensemble,Chemberta Embeddings__RandomForest + Descriptors__RandomForest + Descriptors__SVR_RBF + Fingerprints__GradientBoosting + Fingerprints__PLS + Molformer Embeddings__Lasso,6,163,0.12802397793223932,0.15939735892899937,0.9837031646477442,1.0,41,0.4031496300281816,0.5502855809642345,0.7811542095368318,0.6585365853658537
ensemble,Descriptors__SVR_RBF + Fingerprints__GradientBoosting + Fingerprints__PLS + Molformer Embeddings__Lasso + Molformer Embeddings__RandomForest,5,163,0.11745878854062837,0.14411429711221663,0.9866784373622117,1.0,41,0.4095936429261233,0.5503772830542639,0.7810812645452252,0.7073170731707317
ensemble,Chemberta Embeddings__SVR_RBF + Descriptors__RandomForest + Descriptors__SVR_RBF + Fingerprints__GradientBoosting + Fingerprints__PLS + Fingerprints__RandomForest + Molformer Embeddings__Lasso,7,163,0.11690282709426217,0.14688213966522648,0.98616181870245,1.0,41,0.38985932981387506,0.5505653913111044,0.7809315946358083,0.7560975609756098
ensemble,Chemberta Embeddings__SVR_RBF + Descriptors__RandomForest + Descriptors__SVR_RBF + Fingerprints__GradientBoosting + Fingerprints__PLS + Fingerprints__RandomForest + Molformer Embeddings__Lasso + Molformer Embeddings__RandomForest + Molformer Embeddings__SVR_RBF,9,163,0.12554682858676305,0.15303649020971738,0.984977886840876,1.0,41,0.394265441783898,0.5507500754696063,0.7807845993813907,0.7073170731707317
ensemble,Chemberta Embeddings__SVR_RBF + Descriptors__RandomForest + Descriptors__SVR_RBF + Fingerprints__GradientBoosting + Fingerprints__PLS + Molformer Embeddings__Lasso,6,163,0.1065719768526321,0.13312458247551995,0.9886326939558246,1.0,41,0.3923939916867528,0.5507574265485204,0.7807787474331646,0.7317073170731707
ensemble,Chemberta Embeddings__RandomForest + Descriptors__RandomForest + Descriptors__SVR_RBF + Fingerprints__GradientBoosting + Fingerprints__PLS + Fingerprints__RandomForest + Molformer Embeddings__Lasso,7,163,0.13508753874783339,0.17049755606796857,0.9813543575605922,1.0,41,0.39932955784636986,0.5508449461630042,0.7807090699926038,0.7073170731707317
ensemble,Chemberta Embeddings__SVR_RBF + Descriptors__RandomForest + Descriptors__SVR_RBF + Fingerprints__GradientBoosting + Molformer Embeddings__Lasso + Molformer Embeddings__RandomForest,6,163,0.14082564735730072,0.17309234828868783,0.9807825050697203,1.0,41,0.3921255987625878,0.5509575192010385,0.7806194303621783,0.7073170731707317
ensemble,Chemberta Embeddings__SVR_RBF + Descriptors__RandomForest + Descriptors__SVR_RBF + Fingerprints__GradientBoosting + Fingerprints__PLS + Fingerprints__RandomForest + Molformer Embeddings__Lasso + Molformer Embeddings__RandomForest,8,163,0.13068759543944072,0.1623729385576315,0.9830890371207277,1.0,41,0.3927653572259147,0.5510189483284321,0.7805705078671947,0.7073170731707317
ensemble,Chemberta Embeddings__RandomForest + Chemberta Embeddings__SVR_RBF + Descriptors__RandomForest + Fingerprints__GradientBoosting + Fingerprints__RandomForest + Molformer Embeddings__Lasso,6,163,0.15041892761055606,0.1887805320614911,0.977141093727188,1.0,41,0.3918709995100672,0.5512915796101759,0.7803533169939247,0.7317073170731707
ensemble,Chemberta Embeddings__SVR_RBF + Descriptors__RandomForest + Descriptors__SVR_RBF + Fingerprints__GradientBoosting + Fingerprints__PLS + Molformer Embeddings__Lasso + Molformer Embeddings__RandomForest,7,163,0.12389363068974757,0.15200696636167457,0.9851793238014953,1.0,41,0.39571475964748,0.5513721388168786,0.7802891191863435,0.7073170731707317
ensemble,Chemberta Embeddings__RandomForest + Descriptors__RandomForest + Descriptors__SVR_RBF + Fingerprints__GradientBoosting + Fingerprints__RandomForest + Molformer Embeddings__Lasso + Molformer Embeddings__RandomForest,7,163,0.16518356287269323,0.20768495615296909,0.9723336979751043,0.9754601226993865,41,0.4011069501519079,0.5514456976312369,0.7802304918135603,0.7073170731707317
ensemble,Chemberta Embeddings__RandomForest + Descriptors__RandomForest + Descriptors__SVR_RBF + Fingerprints__GradientBoosting + Fingerprints__RandomForest + Molformer Embeddings__Lasso + Molformer Embeddings__RandomForest + Molformer Embeddings__SVR_RBF,8,163,0.15496678211807074,0.19143809347605778,0.9764929702810515,1.0,41,0.4009537847792819,0.5517960539364153,0.7799511457488307,0.7073170731707317
ensemble,Chemberta Embeddings__SVR_RBF + Descriptors__RandomForest + Descriptors__SVR_RBF + Fingerprints__GradientBoosting + Fingerprints__PLS + Molformer Embeddings__Lasso + Molformer Embeddings__RandomForest + Molformer Embeddings__SVR_RBF,8,163,0.11905547334924682,0.14296145680783406,0.9868907161998037,1.0,41,0.3967066177200547,0.5518092434207497,0.7799406260447401,0.7073170731707317
ensemble,Chemberta Embeddings__RandomForest + Descriptors__SVR_RBF + Fingerprints__GradientBoosting + Fingerprints__RandomForest + Molformer Embeddings__Lasso,5,163,0.14583440156915403,0.18333520794093652,0.9784407928059775,1.0,41,0.4033439514636094,0.5523610608001748,0.7795002807417527,0.7317073170731707
ensemble,Chemberta Embeddings__RandomForest + Descriptors__RandomForest + Fingerprints__GradientBoosting + Fingerprints__PLS + Fingerprints__RandomForest + Molformer Embeddings__Lasso + Molformer Embeddings__RandomForest,7,163,0.15155337973135175,0.19166397516509354,0.9764374647120659,0.9754601226993865,41,0.3973812234009134,0.5525420898559807,0.7793557253053626,0.7073170731707317
ensemble,Chemberta Embeddings__RandomForest + Descriptors__RandomForest + Descriptors__SVR_RBF + Fingerprints__GradientBoosting + Molformer Embeddings__Lasso + Molformer Embeddings__RandomForest,6,163,0.163343190580333,0.2025216562169575,0.9736922336458049,1.0,41,0.40471201861007433,0.5526059970927999,0.7793046827454394,0.7073170731707317
ensemble,Chemberta Embeddings__RandomForest + Descriptors__RandomForest + Fingerprints__GradientBoosting + Fingerprints__PLS + Fingerprints__RandomForest + Molformer Embeddings__Lasso + Molformer Embeddings__RandomForest + Molformer Embeddings__SVR_RBF,8,163,0.14364670215780784,0.1774347284421527,0.9798061889779947,1.0,41,0.3985463614748277,0.5529859885721355,0.7790010625390471,0.6829268292682927
ensemble,Chemberta Embeddings__RandomForest + Descriptors__RandomForest + Descriptors__SVR_RBF + Fingerprints__GradientBoosting + Fingerprints__PLS + Fingerprints__RandomForest + Molformer Embeddings__Lasso + Molformer Embeddings__RandomForest + Molformer Embeddings__SVR_RBF,9,163,0.14011176879683065,0.17256158747035846,0.9809001793082559,1.0,41,0.40213558907474056,0.5530604665924523,0.778941528763837,0.7073170731707317
ensemble,Chemberta Embeddings__SVR_RBF + Fingerprints__GradientBoosting + Fingerprints__PLS + Fingerprints__RandomForest + Molformer Embeddings__Lasso + Molformer Embeddings__RandomForest,6,163,0.1231371220692666,0.15154563357981848,0.9852691471639806,1.0,41,0.39227136959996056,0.5534336595518129,0.7786430973850319,0.7317073170731707
ensemble,Chemberta Embeddings__RandomForest + Chemberta Embeddings__SVR_RBF + Descriptors__RandomForest + Fingerprints__GradientBoosting + Molformer Embeddings__Lasso,5,163,0.14427841702565483,0.17819956238296772,0.9796317225709519,1.0,41,0.39884239291111434,0.5534734783770577,0.7786112435620709,0.7317073170731707
ensemble,Chemberta Embeddings__RandomForest + Chemberta Embeddings__SVR_RBF + Descriptors__RandomForest + Fingerprints__GradientBoosting + Fingerprints__PLS + Fingerprints__RandomForest + Molformer Embeddings__Lasso,7,163,0.13185278155287974,0.16493971002319854,0.9825501584100188,1.0,41,0.392883604488038,0.553605543663509,0.7785055790310087,0.7073170731707317
ensemble,Chemberta Embeddings__RandomForest + Descriptors__RandomForest + Fingerprints__GradientBoosting + Fingerprints__PLS + Molformer Embeddings__Lasso + Molformer Embeddings__RandomForest,6,163,0.14736544433175056,0.18334707763396685,0.9784380010950109,1.0,41,0.4007265491538172,0.5536468128791869,0.7784725546444395,0.7073170731707317
ensemble,Chemberta Embeddings__RandomForest + Descriptors__RandomForest + Descriptors__SVR_RBF + Fingerprints__GradientBoosting + Fingerprints__PLS + Fingerprints__RandomForest + Molformer Embeddings__Lasso + Molformer Embeddings__RandomForest,8,163,0.1471008337126434,0.18440102690357638,0.9781893953356701,1.0,41,0.40216095944585906,0.5538354921185425,0.7783215386859114,0.7073170731707317
ensemble,Chemberta Embeddings__RandomForest + Descriptors__RandomForest + Descriptors__SVR_RBF + Fingerprints__GradientBoosting + Fingerprints__PLS + Molformer Embeddings__Lasso + Molformer Embeddings__RandomForest + Molformer Embeddings__SVR_RBF,8,163,0.13564286386603974,0.1645253648809168,0.9826377198047712,1.0,41,0.40581368689018144,0.554250043196848,0.777989557657665,0.7073170731707317
ensemble,Chemberta Embeddings__RandomForest + Descriptors__SVR_RBF + Fingerprints__GradientBoosting + Molformer Embeddings__Lasso,4,163,0.13837676471494917,0.1713986256048777,0.9811567545334506,1.0,41,0.4118808893178365,0.5543062114613025,0.7779445578484686,0.7073170731707317
ensemble,Chemberta Embeddings__RandomForest + Descriptors__RandomForest + Descriptors__SVR_RBF + Fingerprints__GradientBoosting + Fingerprints__PLS + Molformer Embeddings__Lasso + Molformer Embeddings__RandomForest,7,163,0.1429267295307508,0.176733187292964,0.979965557814076,1.0,41,0.40603837208815974,0.5544241386146108,0.7778500644036274,0.7073170731707317
ensemble,Chemberta Embeddings__RandomForest + Chemberta Embeddings__SVR_RBF + Descriptors__RandomForest + Fingerprints__GradientBoosting + Fingerprints__PLS + Fingerprints__RandomForest + Molformer Embeddings__Lasso + Molformer Embeddings__SVR_RBF,8,163,0.12591294661531777,0.1540137505840747,0.9847854178509441,1.0,41,0.398584993972704,0.5544698877534966,0.7778134008211326,0.7073170731707317
ensemble,Chemberta Embeddings__RandomForest + Chemberta Embeddings__SVR_RBF + Descriptors__RandomForest + Fingerprints__GradientBoosting + Fingerprints__PLS + Molformer Embeddings__Lasso,6,163,0.1237866609543913,0.15231468682265809,0.9851192575867754,1.0,41,0.3973162148977256,0.5545928191107672,0.7777148680471659,0.7073170731707317
ensemble,Chemberta Embeddings__SVR_RBF + Descriptors__SVR_RBF + Fingerprints__GradientBoosting + Fingerprints__PLS + Fingerprints__RandomForest + Molformer Embeddings__Lasso + Molformer Embeddings__RandomForest + Molformer Embeddings__SVR_RBF,8,163,0.11703619538530162,0.14110833949651588,0.9872283679524595,1.0,41,0.3995906586049126,0.5550491489432753,0.7773489164335599,0.7073170731707317
ensemble,Chemberta Embeddings__SVR_RBF + Descriptors__SVR_RBF + Fingerprints__GradientBoosting + Fingerprints__RandomForest + Molformer Embeddings__Lasso + Molformer Embeddings__RandomForest,6,163,0.13756340692232324,0.17056744306093705,0.9813390687203278,1.0,41,0.3968412462592867,0.5551921712388961,0.7772341584094635,0.7317073170731707
ensemble,Chemberta Embeddings__RandomForest + Descriptors__SVR_RBF + Fingerprints__GradientBoosting + Fingerprints__RandomForest + Molformer Embeddings__Lasso + Molformer Embeddings__RandomForest,6,163,0.15977800478891926,0.199714478961297,0.9744164894011245,0.9938650306748467,41,0.4098446530390055,0.5554024177944669,0.7770654074022615,0.7073170731707317
ensemble,Chemberta Embeddings__SVR_RBF + Descriptors__SVR_RBF + Fingerprints__GradientBoosting + Fingerprints__PLS + Fingerprints__RandomForest + Molformer Embeddings__Lasso + Molformer Embeddings__RandomForest,7,163,0.12121744674725611,0.1499706085874918,0.9855737536851543,1.0,41,0.39892633976213804,0.5555491161263985,0.7769476245086907,0.7317073170731707
ensemble,Chemberta Embeddings__RandomForest + Descriptors__SVR_RBF + Fingerprints__GradientBoosting + Fingerprints__PLS + Fingerprints__RandomForest + Molformer Embeddings__Lasso,6,163,0.12516194699493682,0.15706544937535438,0.9841765070546274,1.0,41,0.4066185550750825,0.5556544217197894,0.7768630563283404,0.7073170731707317
ensemble,Chemberta Embeddings__RandomForest + Chemberta Embeddings__SVR_RBF + Descriptors__RandomForest + Descriptors__SVR_RBF + Fingerprints__GradientBoosting + Fingerprints__PLS + Fingerprints__RandomForest + Molformer Embeddings__Lasso + Molformer Embeddings__SVR_RBF,9,163,0.1243121194996456,0.15238162797525578,0.9851061747650709,1.0,41,0.3973668548289601,0.5559977009025555,0.7765872664647329,0.7073170731707317
ensemble,Chemberta Embeddings__SVR_RBF + Fingerprints__GradientBoosting + Fingerprints__PLS + Molformer Embeddings__Lasso + Molformer Embeddings__RandomForest,5,163,0.11192631005028471,0.13538639174190578,0.9882431476818517,1.0,41,0.40163887705031137,0.5560061661805623,0.7765804633240219,0.7317073170731707
ensemble,Chemberta Embeddings__RandomForest + Chemberta Embeddings__SVR_RBF + Descriptors__RandomForest + Descriptors__SVR_RBF + Fingerprints__GradientBoosting + Fingerprints__RandomForest + Molformer Embeddings__Lasso + Molformer Embeddings__SVR_RBF,8,163,0.13721803935011473,0.1684299437442209,0.9818038443740119,1.0,41,0.39738835586462007,0.5564259247222036,0.7762429934713612,0.7073170731707317
ensemble,Chemberta Embeddings__RandomForest + Descriptors__SVR_RBF + Fingerprints__GradientBoosting + Fingerprints__PLS + Molformer Embeddings__Lasso,5,163,0.1150479355274579,0.1427002699044623,0.9869385730916131,1.0,41,0.41340010477985606,0.556475592788931,0.7762030453904,0.6341463414634146
ensemble,Chemberta Embeddings__RandomForest + Chemberta Embeddings__SVR_RBF + Descriptors__RandomForest + Descriptors__SVR_RBF + Fingerprints__GradientBoosting + Fingerprints__RandomForest + Molformer Embeddings__Lasso,7,163,0.144785862803432,0.18146001959346159,0.9788795609400103,1.0,41,0.3964852375141262,0.5566182623950402,0.7760882762369306,0.7073170731707317
ensemble,Chemberta Embeddings__RandomForest + Descriptors__SVR_RBF + Fingerprints__GradientBoosting + Fingerprints__PLS + Fingerprints__RandomForest + Molformer Embeddings__Lasso + Molformer Embeddings__RandomForest + Molformer Embeddings__SVR_RBF,8,163,0.1331601755538657,0.16246575388673,0.9830696983663274,1.0,41,0.4086977277750393,0.5566751925316528,0.7760424711393492,0.7073170731707317
ensemble,Chemberta Embeddings__RandomForest + Chemberta Embeddings__SVR_RBF + Descriptors__RandomForest + Descriptors__SVR_RBF + Fingerprints__GradientBoosting + Fingerprints__PLS + Fingerprints__RandomForest + Molformer Embeddings__Lasso,8,163,0.1293376268849038,0.1617747422291449,0.9832134105752472,1.0,41,0.3960302601437779,0.5568786999610045,0.77587869394022,0.7073170731707317
ensemble,Chemberta Embeddings__RandomForest + Chemberta Embeddings__SVR_RBF + Descriptors__RandomForest + Fingerprints__GradientBoosting + Fingerprints__RandomForest + Molformer Embeddings__Lasso + Molformer Embeddings__RandomForest,7,163,0.16135896859901122,0.2025813297342911,0.9736767280622048,0.9754601226993865,41,0.39659801184281607,0.5571306641386946,0.775675837139054,0.7073170731707317
ensemble,Chemberta Embeddings__SVR_RBF + Descriptors__SVR_RBF + Fingerprints__GradientBoosting + Fingerprints__PLS + Molformer Embeddings__Lasso + Molformer Embeddings__RandomForest,6,163,0.11216518237813641,0.1371961849423464,0.9879267246553673,1.0,41,0.4032955952972919,0.5573045993254516,0.775535748077989,0.7317073170731707
ensemble,Chemberta Embeddings__SVR_RBF + Descriptors__SVR_RBF + Fingerprints__GradientBoosting + Fingerprints__PLS + Molformer Embeddings__Lasso + Molformer Embeddings__RandomForest + Molformer Embeddings__SVR_RBF,7,163,0.10850893291062709,0.12905054032658145,0.9893178003695482,1.0,41,0.4057536933480822,0.5574838021790472,0.7753913706524475,0.6829268292682927
ensemble,Chemberta Embeddings__RandomForest + Descriptors__SVR_RBF + Fingerprints__GradientBoosting + Fingerprints__PLS + Fingerprints__RandomForest + Molformer Embeddings__Lasso + Molformer Embeddings__RandomForest,7,163,0.13989131806855398,0.1744351081120696,0.9804831900603805,1.0,41,0.4103152457322944,0.5575344880403377,0.7753505264186957,0.7073170731707317
ensemble,Chemberta Embeddings__RandomForest + Chemberta Embeddings__SVR_RBF + Descriptors__RandomForest + Descriptors__SVR_RBF + Fingerprints__GradientBoosting + Fingerprints__PLS + Molformer Embeddings__Lasso + Molformer Embeddings__SVR_RBF,8,163,0.11761683084337368,0.14215001843197572,0.9870391084689252,1.0,41,0.4005662356171826,0.5576782740913856,0.775234638965697,0.7073170731707317
ensemble,Chemberta Embeddings__RandomForest + Chemberta Embeddings__SVR_RBF + Descriptors__RandomForest + Fingerprints__GradientBoosting + Fingerprints__PLS + Fingerprints__RandomForest + Molformer Embeddings__Lasso + Molformer Embeddings__RandomForest,8,163,0.14374000486169325,0.1797677283388253,0.9792716613072062,1.0,41,0.39725827550413967,0.5579609922544445,0.775006689051719,0.7073170731707317
ensemble,Chemberta Embeddings__RandomForest + Chemberta Embeddings__SVR_RBF + Descriptors__RandomForest + Descriptors__SVR_RBF + Fingerprints__GradientBoosting + Fingerprints__PLS + Molformer Embeddings__Lasso,7,163,0.12223600513104206,0.15126568364103798,0.985323521443398,1.0,41,0.3987769842843055,0.558027698131672,0.7749528886121426,0.7073170731707317
ensemble,Chemberta Embeddings__RandomForest + Descriptors__SVR_RBF + Fingerprints__GradientBoosting + Molformer Embeddings__Lasso + Molformer Embeddings__RandomForest,5,163,0.1567090675662077,0.19283403579410402,0.9761488998153325,1.0,41,0.4155082051954198,0.5582554813985592,0.7747691255881664,0.6829268292682927
ensemble,Chemberta Embeddings__SVR_RBF + Descriptors__RandomForest + Descriptors__SVR_RBF + Fingerprints__GradientBoosting + Fingerprints__PLS + Fingerprints__RandomForest + Molformer Embeddings__RandomForest + Molformer Embeddings__SVR_RBF,8,163,0.12292985394785672,0.15044394258461047,0.9854825463643042,1.0,41,0.39978270833388935,0.5583039430206191,0.7747300197391838,0.7073170731707317
ensemble,Descriptors__SVR_RBF + Fingerprints__GradientBoosting + Fingerprints__PLS + Molformer Embeddings__RandomForest + Molformer Embeddings__SVR_RBF,5,163,0.10458204327367208,0.12466852536724118,0.9900309292002438,1.0,41,0.4114205989399803,0.5585852540119316,0.7745029502817176,0.6585365853658537
ensemble,Descriptors__RandomForest + Descriptors__SVR_RBF + Fingerprints__RandomForest + Molformer Embeddings__Lasso + Molformer Embeddings__RandomForest,5,163,0.17517491425612564,0.22299528311611505,0.9681042815602758,0.9570552147239264,41,0.4035472737451618,0.5586067786200014,0.7744855712725207,0.6829268292682927
ensemble,Chemberta Embeddings__RandomForest + Chemberta Embeddings__SVR_RBF + Descriptors__RandomForest + Descriptors__SVR_RBF + Fingerprints__GradientBoosting + Fingerprints__PLS + Fingerprints__RandomForest + Molformer Embeddings__Lasso + Molformer Embeddings__RandomForest + Molformer Embeddings__SVR_RBF,10,163,0.13475476608756912,0.16521854268065048,0.98249111018726,1.0,41,0.4009844638579368,0.5586308198696626,0.774466159530455,0.7073170731707317
ensemble,Descriptors__RandomForest + Descriptors__SVR_RBF + Fingerprints__PLS + Fingerprints__RandomForest + Molformer Embeddings__Lasso + Molformer Embeddings__RandomForest,6,163,0.14944200499717403,0.18936005275807485,0.9770005332323014,1.0,41,0.4043160465374788,0.5586570880044652,0.7744449487687075,0.7073170731707317
ensemble,Chemberta Embeddings__RandomForest + Chemberta Embeddings__SVR_RBF + Descriptors__RandomForest + Descriptors__SVR_RBF + Fingerprints__GradientBoosting + Fingerprints__PLS + Fingerprints__RandomForest + Molformer Embeddings__Lasso + Molformer Embeddings__RandomForest,9,163,0.14047562443563275,0.17487386859073598,0.9803848844546675,1.0,41,0.4000759516900036,0.5587539694423913,0.7743667111773753,0.7073170731707317
ensemble,Chemberta Embeddings__RandomForest + Chemberta Embeddings__SVR_RBF + Descriptors__RandomForest + Descriptors__SVR_RBF + Fingerprints__GradientBoosting + Fingerprints__RandomForest + Molformer Embeddings__Lasso + Molformer Embeddings__RandomForest,8,163,0.15549823039516347,0.19398409573947092,0.9758635560839334,1.0,41,0.39986690196768687,0.5587914022710829,0.774336478281948,0.7073170731707317
ensemble,Chemberta Embeddings__RandomForest + Chemberta Embeddings__SVR_RBF + Descriptors__RandomForest + Fingerprints__GradientBoosting + Fingerprints__PLS + Fingerprints__RandomForest + Molformer Embeddings__Lasso + Molformer Embeddings__RandomForest + Molformer Embeddings__SVR_RBF,9,163,0.13733666304663994,0.16851120810162082,0.9817862815157249,1.0,41,0.40226878402133587,0.5589742176924435,0.7741887969821223,0.7073170731707317
ensemble,Chemberta Embeddings__RandomForest + Descriptors__SVR_RBF + Fingerprints__GradientBoosting + Fingerprints__PLS + Molformer Embeddings__Lasso + Molformer Embeddings__RandomForest + Molformer Embeddings__SVR_RBF,7,163,0.12716202190281536,0.15255719624387898,0.9850718348052153,1.0,41,0.41383871652130017,0.5589809377641366,0.7741833674773366,0.7073170731707317
ensemble,Chemberta Embeddings__RandomForest + Chemberta Embeddings__SVR_RBF + Descriptors__RandomForest + Descriptors__SVR_RBF + Fingerprints__GradientBoosting + Molformer Embeddings__Lasso,6,163,0.13905664988983257,0.17227720056327167,0.9809630816398114,1.0,41,0.39967036053984034,0.5591260296913848,0.77406612404229,0.7073170731707317
ensemble,Chemberta Embeddings__RandomForest + Descriptors__SVR_RBF + Fingerprints__GradientBoosting + Fingerprints__PLS + Molformer Embeddings__Lasso + Molformer Embeddings__RandomForest,6,163,0.13411482536085859,0.16464783665742255,0.9826118614122068,1.0,41,0.4158395708577318,0.5591580283758987,0.7740402629901915,0.7073170731707317
ensemble,Chemberta Embeddings__RandomForest + Chemberta Embeddings__SVR_RBF + Descriptors__RandomForest + Descriptors__SVR_RBF + Fingerprints__GradientBoosting + Fingerprints__RandomForest + Molformer Embeddings__Lasso + Molformer Embeddings__RandomForest + Molformer Embeddings__SVR_RBF,9,163,0.14753081387895586,0.1811221791130461,0.978958131382605,1.0,41,0.4010403235885466,0.5593553570311087,0.7738807510223581,0.7073170731707317
ensemble,Chemberta Embeddings__RandomForest + Chemberta Embeddings__SVR_RBF + Descriptors__RandomForest + Fingerprints__GradientBoosting + Fingerprints__RandomForest + Molformer Embeddings__Lasso + Molformer Embeddings__RandomForest + Molformer Embeddings__SVR_RBF,8,163,0.1518341870090232,0.1870409505138144,0.9775604348262797,1.0,41,0.4048922832333463,0.5595001612508065,0.7737636617366213,0.6829268292682927
ensemble,Chemberta Embeddings__RandomForest + Chemberta Embeddings__SVR_RBF + Descriptors__RandomForest + Fingerprints__GradientBoosting + Fingerprints__PLS + Molformer Embeddings__Lasso + Molformer Embeddings__RandomForest,7,163,0.13874174970477512,0.17109377810051626,0.9812237236581889,1.0,41,0.40189447157623404,0.5602003079397817,0.7731970927077473,0.7073170731707317
ensemble,Fingerprints__GradientBoosting + Molformer Embeddings__RandomForest,2,163,0.15023759615231566,0.18275402582602757,0.9785772637618274,0.9938650306748467,41,0.4186395885245575,0.5603185511243384,0.773101338642951,0.7073170731707317
ensemble,Chemberta Embeddings__RandomForest + Chemberta Embeddings__SVR_RBF + Descriptors__RandomForest + Descriptors__SVR_RBF + Fingerprints__GradientBoosting + Fingerprints__PLS + Molformer Embeddings__Lasso + Molformer Embeddings__RandomForest,8,163,0.13586068573905616,0.16711121149226082,0.9820876646764969,1.0,41,0.4031728314335819,0.560377571569475,0.7730535359590526,0.7073170731707317
ensemble,Chemberta Embeddings__SVR_RBF + Descriptors__SVR_RBF + Fingerprints__GradientBoosting + Fingerprints__PLS + Molformer Embeddings__Lasso,5,163,0.0894977294045579,0.115309576102711,0.9914715170300583,1.0,41,0.399998559229674,0.5604000468758245,0.7730353311134239,0.7073170731707317
ensemble,Descriptors__RandomForest + Fingerprints__PLS + Molformer Embeddings__Lasso + Molformer Embeddings__RandomForest,4,163,0.15170858293670736,0.18983552510991106,0.9768848875114173,1.0,41,0.4034386581268535,0.5605071859445174,0.7729485391587609,0.7560975609756098
ensemble,Chemberta Embeddings__RandomForest + Chemberta Embeddings__SVR_RBF + Descriptors__RandomForest + Descriptors__SVR_RBF + Fingerprints__GradientBoosting + Fingerprints__PLS + Molformer Embeddings__Lasso + Molformer Embeddings__RandomForest + Molformer Embeddings__SVR_RBF,9,163,0.1301087936077855,0.15737411971424267,0.9841142522138707,1.0,41,0.40470072012966934,0.5607433303593449,0.7727571830789852,0.7073170731707317
ensemble,Chemberta Embeddings__RandomForest + Chemberta Embeddings__SVR_RBF + Descriptors__SVR_RBF + Fingerprints__GradientBoosting + Fingerprints__PLS + Fingerprints__RandomForest + Molformer Embeddings__Lasso + Molformer Embeddings__SVR_RBF,8,163,0.11576247213841406,0.1403838319880839,0.9873591807541537,1.0,41,0.4049139269165254,0.5611915265752409,0.7723937723394197,0.7073170731707317
ensemble,Chemberta Embeddings__SVR_RBF + Descriptors__RandomForest + Fingerprints__PLS + Fingerprints__RandomForest + Molformer Embeddings__Lasso + Molformer Embeddings__RandomForest,6,163,0.1449222288270057,0.18280088361087854,0.978566276855793,1.0,41,0.39367692754544853,0.5615476128584502,0.7721048400770818,0.7073170731707317
ensemble,Chemberta Embeddings__RandomForest + Chemberta Embeddings__SVR_RBF + Descriptors__RandomForest + Descriptors__SVR_RBF + Fingerprints__GradientBoosting + Molformer Embeddings__Lasso + Molformer Embeddings__RandomForest,7,163,0.15235499378705358,0.18775240670609772,0.9773894013653367,1.0,41,0.40285536143747314,0.5616049385186485,0.7720583082887464,0.7073170731707317
ensemble,Chemberta Embeddings__RandomForest + Fingerprints__GradientBoosting + Fingerprints__PLS + Molformer Embeddings__Lasso + Molformer Embeddings__RandomForest,5,163,0.13835881104994505,0.16992131767288904,0.9814801796399384,1.0,41,0.40987446615876444,0.5618241404667518,0.771880336157428,0.7317073170731707
ensemble,Chemberta Embeddings__RandomForest + Chemberta Embeddings__SVR_RBF + Descriptors__RandomForest + Fingerprints__GradientBoosting + Fingerprints__PLS + Molformer Embeddings__Lasso + Molformer Embeddings__RandomForest + Molformer Embeddings__SVR_RBF,8,163,0.1324731845014162,0.15970493723626647,0.983640210163962,1.0,41,0.4079459075431311,0.5620131772001448,0.7717267996759664,0.7073170731707317
ensemble,Chemberta Embeddings__RandomForest + Descriptors__RandomForest + Descriptors__SVR_RBF + Fingerprints__GradientBoosting + Fingerprints__PLS + Fingerprints__RandomForest + Molformer Embeddings__RandomForest + Molformer Embeddings__SVR_RBF,8,163,0.13956279841434802,0.1726323304610204,0.9808845158524451,1.0,41,0.40786624651245884,0.5620619469335829,0.7716871802982784,0.6829268292682927
ensemble,Descriptors__RandomForest + Molformer Embeddings__Lasso + Molformer Embeddings__RandomForest,3,163,0.1951112702649678,0.2470014117391518,0.9608672916368806,0.950920245398773,41,0.4037182991506241,0.5621207747470576,0.7716393853997797,0.6829268292682927
ensemble,Descriptors__RandomForest + Descriptors__SVR_RBF + Fingerprints__PLS + Molformer Embeddings__Lasso + Molformer Embeddings__RandomForest,5,163,0.14404002643144306,0.1799482200604791,0.9792300167723071,1.0,41,0.4104664549528257,0.5622513261787551,0.7715333004852873,0.7073170731707317
ensemble,Chemberta Embeddings__RandomForest + Descriptors__RandomForest + Fingerprints__PLS + Fingerprints__RandomForest + Molformer Embeddings__Lasso,5,163,0.15412166588223253,0.1985962632988492,0.9747021751822481,0.9754601226993865,41,0.40408137171646596,0.5623314247927101,0.771468200880829,0.7317073170731707
ensemble,Descriptors__RandomForest + Descriptors__SVR_RBF + Fingerprints__PLS + Molformer Embeddings__Lasso,4,163,0.123512377128332,0.15710887318644956,0.9841677564178117,1.0,41,0.41058596552312754,0.5624873218105333,0.7713414700493494,0.7073170731707317
ensemble,Chemberta Embeddings__RandomForest + Chemberta Embeddings__SVR_RBF + Descriptors__SVR_RBF + Fingerprints__GradientBoosting + Fingerprints__PLS + Fingerprints__RandomForest + Molformer Embeddings__Lasso,7,163,0.12034197187876884,0.14933911016536694,0.9856949903900093,1.0,41,0.4028877015972881,0.5625555881244447,0.7712859643637509,0.7073170731707317
ensemble,Chemberta Embeddings__RandomForest + Chemberta Embeddings__SVR_RBF + Descriptors__RandomForest + Descriptors__SVR_RBF + Fingerprints__GradientBoosting + Molformer Embeddings__Lasso + Molformer Embeddings__RandomForest + Molformer Embeddings__SVR_RBF,8,163,0.1438369161659893,0.1742110984520816,0.9805332848695402,1.0,41,0.40543923599490495,0.5627408998160822,0.7711352579571134,0.7073170731707317
ensemble,Chemberta Embeddings__SVR_RBF + Descriptors__SVR_RBF + Fingerprints__GradientBoosting + Fingerprints__PLS + Fingerprints__RandomForest + Molformer Embeddings__RandomForest + Molformer Embeddings__SVR_RBF,7,163,0.11233969882628468,0.13601121411128186,0.9881343790622277,1.0,41,0.4047181357594052,0.5628415829986207,0.7710533556394772,0.7073170731707317
ensemble,Chemberta Embeddings__RandomForest + Chemberta Embeddings__SVR_RBF + Descriptors__SVR_RBF + Fingerprints__GradientBoosting + Fingerprints__PLS + Fingerprints__RandomForest + Molformer Embeddings__Lasso + Molformer Embeddings__RandomForest + Molformer Embeddings__SVR_RBF,9,163,0.12817112617232287,0.155602463609017,0.9844699099876455,1.0,41,0.40856533461797384,0.5630206424226561,0.7709076607353099,0.7073170731707317
ensemble,Chemberta Embeddings__SVR_RBF + Descriptors__RandomForest + Descriptors__SVR_RBF + Fingerprints__PLS + Fingerprints__RandomForest + Molformer Embeddings__Lasso + Molformer Embeddings__RandomForest + Molformer Embeddings__SVR_RBF,8,163,0.13374036981260307,0.1640938702515806,0.9827286712093686,1.0,41,0.401360676370577,0.5630295881691229,0.7709003806531551,0.7073170731707317
ensemble,Chemberta Embeddings__RandomForest + Chemberta Embeddings__SVR_RBF + Descriptors__SVR_RBF + Fingerprints__GradientBoosting + Fingerprints__PLS + Fingerprints__RandomForest + Molformer Embeddings__Lasso + Molformer Embeddings__RandomForest,8,163,0.1335222572091796,0.16516655253514667,0.9825021276734512,1.0,41,0.4071006121179315,0.5632191197021571,0.7707461119914406,0.7073170731707317
ensemble,Chemberta Embeddings__SVR_RBF + Descriptors__RandomForest + Descriptors__SVR_RBF + Fingerprints__PLS + Fingerprints__RandomForest + Molformer Embeddings__Lasso + Molformer Embeddings__RandomForest,7,163,0.14067445547480623,0.1763807984950667,0.9800453716251242,1.0,41,0.3995497769240683,0.5636199545474762,0.7704196825682944,0.7073170731707317
ensemble,Chemberta Embeddings__RandomForest + Descriptors__RandomForest + Descriptors__SVR_RBF + Fingerprints__GradientBoosting + Fingerprints__PLS + Molformer Embeddings__RandomForest + Molformer Embeddings__SVR_RBF,7,163,0.13439150484368795,0.16335575549249276,0.98288369895196,1.0,41,0.4109543564511501,0.5641016590090722,0.7700270878037682,0.6829268292682927
ensemble,Chemberta Embeddings__RandomForest + Chemberta Embeddings__SVR_RBF + Fingerprints__GradientBoosting + Fingerprints__PLS + Fingerprints__RandomForest + Molformer Embeddings__Lasso + Molformer Embeddings__RandomForest,7,163,0.1367507116762005,0.16923274214776188,0.9816299719910686,1.0,41,0.4062255905328118,0.5642430966960079,0.7699117507400314,0.7073170731707317
ensemble,Chemberta Embeddings__RandomForest + Chemberta Embeddings__SVR_RBF + Descriptors__SVR_RBF + Fingerprints__GradientBoosting + Fingerprints__RandomForest + Molformer Embeddings__Lasso + Molformer Embeddings__RandomForest,7,163,0.1496728917994815,0.18543038429941675,0.97794521481284,1.0,41,0.40722743066964195,0.5642588703333618,0.769898886145483,0.7073170731707317
ensemble,Descriptors__SVR_RBF + Fingerprints__PLS + Fingerprints__RandomForest + Molformer Embeddings__Lasso + Molformer Embeddings__RandomForest,5,163,0.14007245216795128,0.17674861109263254,0.9799620607831984,1.0,41,0.4161630647568124,0.5646969812655438,0.7695414298254277,0.7317073170731707
ensemble,Chemberta Embeddings__RandomForest + Chemberta Embeddings__SVR_RBF + Descriptors__SVR_RBF + Fingerprints__GradientBoosting + Fingerprints__RandomForest + Molformer Embeddings__Lasso + Molformer Embeddings__RandomForest + Molformer Embeddings__SVR_RBF,8,163,0.14164320354430884,0.17213499798869425,0.9809944959132642,1.0,41,0.4090648919531968,0.5648107346768083,0.769448572630075,0.7073170731707317
ensemble,Descriptors__SVR_RBF + Fingerprints__GradientBoosting + Molformer Embeddings__RandomForest,3,163,0.13864678502952477,0.17083943052119457,0.9812795076933196,0.9877300613496932,41,0.4308443578007979,0.5648239822320513,0.7694377574015344,0.6585365853658537
ensemble,Chemberta Embeddings__RandomForest + Descriptors__RandomForest + Descriptors__SVR_RBF + Fingerprints__PLS + Fingerprints__RandomForest + Molformer Embeddings__Lasso,6,163,0.14736107673594057,0.1882104568662522,0.9772789428953009,1.0,41,0.4085437027272891,0.56511008321308,0.7692041242970449,0.7317073170731707
ensemble,Chemberta Embeddings__RandomForest + Chemberta Embeddings__SVR_RBF + Fingerprints__GradientBoosting + Fingerprints__PLS + Fingerprints__RandomForest + Molformer Embeddings__Lasso + Molformer Embeddings__RandomForest + Molformer Embeddings__SVR_RBF,8,163,0.13056323956041752,0.158003624298053,0.9839869104168023,1.0,41,0.411836474733786,0.5651419649763461,0.7691780819833315,0.6829268292682927
ensemble,Chemberta Embeddings__RandomForest + Chemberta Embeddings__SVR_RBF + Descriptors__SVR_RBF + Fingerprints__GradientBoosting + Fingerprints__PLS + Molformer Embeddings__Lasso,6,163,0.11075341262633426,0.13639739852728996,0.9880669019304192,1.0,41,0.40748549957327346,0.565473236136414,0.7689073993582244,0.6829268292682927
ensemble,Chemberta Embeddings__SVR_RBF + Descriptors__SVR_RBF + Fingerprints__GradientBoosting + Fingerprints__PLS + Molformer Embeddings__RandomForest + Molformer Embeddings__SVR_RBF,6,163,0.10136323676161266,0.12110555758771112,0.990592609270904,1.0,41,0.40839785481919205,0.5657764935645259,0.768659467767543,0.7073170731707317
ensemble,Chemberta Embeddings__RandomForest + Descriptors__SVR_RBF + Fingerprints__GradientBoosting + Fingerprints__PLS + Fingerprints__RandomForest + Molformer Embeddings__RandomForest + Molformer Embeddings__SVR_RBF,7,163,0.13141600296741685,0.16069007834512028,0.9834377566922438,1.0,41,0.41420343519661224,0.5660700193668322,0.7684193657818122,0.6829268292682927
ensemble,Chemberta Embeddings__RandomForest + Chemberta Embeddings__SVR_RBF + Descriptors__SVR_RBF + Fingerprints__GradientBoosting + Fingerprints__PLS + Molformer Embeddings__Lasso + Molformer Embeddings__RandomForest,7,163,0.12745626706961538,0.15563260618934088,0.9844638925722975,1.0,41,0.41160093637696693,0.5661168114241366,0.7683810787084807,0.7073170731707317
ensemble,Descriptors__RandomForest + Descriptors__SVR_RBF + Molformer Embeddings__Lasso + Molformer Embeddings__RandomForest,4,163,0.17475493023330876,0.21946111103866275,0.9691072775633597,0.9754601226993865,41,0.41116318942785857,0.5662728978096185,0.7682533398977291,0.6829268292682927
ensemble,Chemberta Embeddings__RandomForest + Descriptors__RandomForest + Descriptors__SVR_RBF + Fingerprints__GradientBoosting + Fingerprints__PLS + Fingerprints__RandomForest + Molformer Embeddings__RandomForest,7,163,0.1477873193242502,0.1863541263675631,0.9777249307642125,0.9938650306748467,41,0.40855291906438684,0.5663628807607237,0.7681796831668621,0.6829268292682927
ensemble,Chemberta Embeddings__RandomForest + Chemberta Embeddings__SVR_RBF + Descriptors__SVR_RBF + Fingerprints__GradientBoosting + Fingerprints__PLS + Molformer Embeddings__Lasso + Molformer Embeddings__RandomForest + Molformer Embeddings__SVR_RBF,8,163,0.12226151386109885,0.14621646099903168,0.9862869654073558,1.0,41,0.4159347444737985,0.5664022809288443,0.7681474279556842,0.7073170731707317
ensemble,Chemberta Embeddings__RandomForest + Descriptors__RandomForest + Descriptors__SVR_RBF + Fingerprints__PLS + Fingerprints__RandomForest + Molformer Embeddings__Lasso + Molformer Embeddings__RandomForest + Molformer Embeddings__SVR_RBF,8,163,0.15003843423467567,0.18635970251386758,0.9777235977011274,1.0,41,0.4095880257715273,0.5664056674261206,0.7681446554723189,0.7073170731707317
ensemble,Chemberta Embeddings__RandomForest + Chemberta Embeddings__SVR_RBF + Descriptors__RandomForest + Descriptors__SVR_RBF + Fingerprints__GradientBoosting + Fingerprints__PLS + Fingerprints__RandomForest + Molformer Embeddings__RandomForest + Molformer Embeddings__SVR_RBF,9,163,0.13379202070481877,0.16439852446545006,0.9826644802976565,1.0,41,0.4071681903180153,0.5664614698641384,0.7680989683206239,0.7073170731707317
ensemble,Chemberta Embeddings__SVR_RBF + Descriptors__RandomForest + Descriptors__SVR_RBF + Fingerprints__RandomForest + Molformer Embeddings__Lasso + Molformer Embeddings__RandomForest,6,163,0.16038731741490034,0.20212002397452963,0.9737964750422659,0.9938650306748467,41,0.3983384296249281,0.5665890826539446,0.7679944709360309,0.7073170731707317
ensemble,Chemberta Embeddings__RandomForest + Descriptors__RandomForest + Descriptors__SVR_RBF + Fingerprints__RandomForest + Molformer Embeddings__Lasso,5,163,0.17289240489552005,0.2216688728495199,0.968482594357797,0.9570552147239264,41,0.40737019871861896,0.5666299089098462,0.7679610348581207,0.7073170731707317
ensemble,Descriptors__SVR_RBF + Fingerprints__RandomForest + Molformer Embeddings__Lasso + Molformer Embeddings__RandomForest,4,163,0.16963913622042806,0.21519945556982323,0.9702954230255384,0.9693251533742331,41,0.41499757394181724,0.5668783572328,0.767757507548402,0.6585365853658537
ensemble,Chemberta Embeddings__SVR_RBF + Descriptors__RandomForest + Fingerprints__PLS + Molformer Embeddings__Lasso + Molformer Embeddings__RandomForest,5,163,0.13839880202667598,0.17129245473906643,0.9811800917574638,1.0,41,0.400350050035676,0.5671562735647651,0.7675297345089538,0.7073170731707317
ensemble,Chemberta Embeddings__RandomForest + Chemberta Embeddings__SVR_RBF + Descriptors__RandomForest + Descriptors__SVR_RBF + Fingerprints__GradientBoosting + Fingerprints__RandomForest + Molformer Embeddings__RandomForest + Molformer Embeddings__SVR_RBF,8,163,0.1479319489106977,0.1820949311289738,0.9787315055181393,1.0,41,0.4098930215250585,0.5675968332991961,0.7671684343829543,0.7073170731707317
ensemble,Chemberta Embeddings__RandomForest + Descriptors__RandomForest + Descriptors__SVR_RBF + Fingerprints__PLS + Fingerprints__RandomForest + Molformer Embeddings__Lasso + Molformer Embeddings__RandomForest,7,163,0.15956589422021875,0.20191618617916232,0.9738493008367792,0.9815950920245399,41,0.4106838256914957,0.56788781608552,0.766929647483523,0.7073170731707317
ensemble,Chemberta Embeddings__SVR_RBF + Descriptors__RandomForest + Descriptors__SVR_RBF + Fingerprints__PLS + Molformer Embeddings__Lasso + Molformer Embeddings__RandomForest,6,163,0.13452556595757834,0.16658659817873206,0.9821999527676891,1.0,41,0.4040747740444557,0.5679196423363958,0.7669035227343801,0.7073170731707317
ensemble,Chemberta Embeddings__RandomForest + Chemberta Embeddings__SVR_RBF + Descriptors__RandomForest + Fingerprints__GradientBoosting + Fingerprints__PLS + Fingerprints__RandomForest + Molformer Embeddings__RandomForest + Molformer Embeddings__SVR_RBF,8,163,0.13674193196671244,0.1679776309676174,0.9819014434389669,1.0,41,0.40690726578488934,0.5679934155800226,0.7668429599405278,0.7073170731707317
ensemble,Chemberta Embeddings__RandomForest + Descriptors__RandomForest + Fingerprints__PLS + Molformer Embeddings__Lasso,4,163,0.14830980187511442,0.18741419168788492,0.977470788936708,1.0,41,0.4126549925485176,0.5680817507640291,0.7667704324392255,0.6829268292682927
ensemble,Descriptors__SVR_RBF + Fingerprints__GradientBoosting + Fingerprints__PLS + Molformer Embeddings__RandomForest,4,163,0.10912878414403146,0.13627567021357326,0.9880881918924577,1.0,41,0.4218680350074622,0.568455062639604,0.766463800602821,0.6829268292682927
ensemble,Chemberta Embeddings__RandomForest + Descriptors__RandomForest + Descriptors__SVR_RBF + Fingerprints__GradientBoosting + Fingerprints__PLS + Molformer Embeddings__RandomForest,6,163,0.14283723930641307,0.1776198182852812,0.9797640369279494,1.0,41,0.4126840518659091,0.568574652004494,0.7663655293925201,0.6585365853658537
ensemble,Chemberta Embeddings__RandomForest + Chemberta Embeddings__SVR_RBF + Fingerprints__GradientBoosting + Fingerprints__PLS + Molformer Embeddings__Lasso + Molformer Embeddings__RandomForest,6,163,0.12995033260294622,0.15813024937001416,0.9839612341562884,1.0,41,0.41561238695476405,0.5687792692667579,0.7661973395245147,0.7073170731707317
ensemble,Chemberta Embeddings__SVR_RBF + Descriptors__RandomForest + Descriptors__SVR_RBF + Fingerprints__PLS + Molformer Embeddings__Lasso,5,163,0.1156343175577639,0.14617417455335605,0.9862948960006298,1.0,41,0.4014299457554214,0.5689207786807927,0.7660809872065006,0.6829268292682927
ensemble,Chemberta Embeddings__RandomForest + Chemberta Embeddings__SVR_RBF + Descriptors__RandomForest + Descriptors__SVR_RBF + Fingerprints__GradientBoosting + Fingerprints__PLS + Fingerprints__RandomForest + Molformer Embeddings__RandomForest,8,163,0.14053277592222949,0.17529400147508806,0.9802905209623128,1.0,41,0.4094364068217277,0.5689505867505568,0.7660564746304895,0.7073170731707317
ensemble,Chemberta Embeddings__RandomForest + Chemberta Embeddings__SVR_RBF + Descriptors__RandomForest + Descriptors__SVR_RBF + Fingerprints__GradientBoosting + Fingerprints__PLS + Molformer Embeddings__RandomForest + Molformer Embeddings__SVR_RBF,8,163,0.12837042718092204,0.15539216686555674,0.9845118594571974,1.0,41,0.4096383702880633,0.5693039180916563,0.7657658158343423,0.7073170731707317
ensemble,Chemberta Embeddings__RandomForest + Descriptors__SVR_RBF + Fingerprints__GradientBoosting + Fingerprints__PLS + Molformer Embeddings__RandomForest + Molformer Embeddings__SVR_RBF,6,163,0.12388875906422597,0.1487168984983658,0.9858139438467629,1.0,41,0.41972566679078843,0.5693199081365734,0.7657526577737506,0.6829268292682927
ensemble,Chemberta Embeddings__RandomForest + Descriptors__SVR_RBF + Fingerprints__GradientBoosting + Fingerprints__RandomForest + Molformer Embeddings__RandomForest,5,163,0.16304705537603895,0.20468425749267366,0.9731273856830787,0.9754601226993865,41,0.42425782181430294,0.5695183044361152,0.7655893685481518,0.7073170731707317
ensemble,Chemberta Embeddings__RandomForest + Descriptors__RandomForest + Descriptors__SVR_RBF + Fingerprints__PLS + Molformer Embeddings__Lasso,5,163,0.14152473064071971,0.1783594400432622,0.9795951580215854,1.0,41,0.4149145675362895,0.5695800409431365,0.7655385449737144,0.7073170731707317
ensemble,Chemberta Embeddings__RandomForest + Chemberta Embeddings__SVR_RBF + Descriptors__RandomForest + Descriptors__SVR_RBF + Fingerprints__PLS + Fingerprints__RandomForest + Molformer Embeddings__Lasso + Molformer Embeddings__SVR_RBF,8,163,0.1323003921705784,0.16327555374099417,0.9829005017922647,1.0,41,0.40529745784905896,0.5696158180340584,0.7655090895446605,0.6829268292682927
ensemble,Chemberta Embeddings__RandomForest + Chemberta Embeddings__SVR_RBF + Descriptors__RandomForest + Descriptors__SVR_RBF + Fingerprints__GradientBoosting + Fingerprints__RandomForest + Molformer Embeddings__RandomForest,7,163,0.15760963810026785,0.19708658372015123,0.9750853288962738,0.9815950920245399,41,0.4140383003803154,0.5697016134488045,0.7654384462816659,0.7073170731707317
ensemble,Chemberta Embeddings__RandomForest + Chemberta Embeddings__SVR_RBF + Descriptors__RandomForest + Fingerprints__GradientBoosting + Fingerprints__PLS + Fingerprints__RandomForest + Molformer Embeddings__RandomForest,7,163,0.14424326684947206,0.18093347735535686,0.9790019533950436,0.9938650306748467,41,0.4044703753764507,0.5697731988287233,0.7653794953063427,0.7073170731707317
ensemble,Chemberta Embeddings__RandomForest + Chemberta Embeddings__SVR_RBF + Descriptors__RandomForest + Fingerprints__PLS + Fingerprints__RandomForest + Molformer Embeddings__Lasso,6,163,0.1433311597125084,0.18175411771967281,0.9788110443032237,1.0,41,0.40316007488076017,0.5701846508713319,0.765040518528638,0.7073170731707317
ensemble,Descriptors__RandomForest + Descriptors__SVR_RBF + Molformer Embeddings__Lasso,3,163,0.1573596840767314,0.2009035880546309,0.9741109316768971,0.9815950920245399,41,0.41017523841537246,0.570443727112353,0.7648269517532562,0.6829268292682927
ensemble,Chemberta Embeddings__SVR_RBF + Descriptors__SVR_RBF + Fingerprints__PLS + Fingerprints__RandomForest + Molformer Embeddings__Lasso + Molformer Embeddings__RandomForest,6,163,0.1312275944583237,0.16403726548203076,0.9827405847679235,1.0,41,0.4078683264993545,0.570451744579382,0.7648203410909914,0.6829268292682927
ensemble,Chemberta Embeddings__RandomForest + Descriptors__SVR_RBF + Fingerprints__GradientBoosting + Fingerprints__PLS + Fingerprints__RandomForest + Molformer Embeddings__RandomForest,6,163,0.139304217119322,0.17456209263900718,0.9804547641891502,1.0,41,0.4181039365657745,0.5711592920335834,0.7642365793045955,0.6585365853658537
ensemble,Chemberta Embeddings__RandomForest + Chemberta Embeddings__SVR_RBF + Descriptors__RandomForest + Descriptors__SVR_RBF + Fingerprints__PLS + Fingerprints__RandomForest + Molformer Embeddings__Lasso,7,163,0.13901089666442926,0.17560651395588064,0.9802201825748141,1.0,41,0.40357813957212907,0.5712176957397622,0.7641883610168507,0.7073170731707317
ensemble,Chemberta Embeddings__RandomForest + Chemberta Embeddings__SVR_RBF + Descriptors__SVR_RBF + Fingerprints__GradientBoosting + Fingerprints__PLS + Fingerprints__RandomForest + Molformer Embeddings__RandomForest + Molformer Embeddings__SVR_RBF,8,163,0.12593887160916403,0.1531570419393462,0.9849542107229796,1.0,41,0.41277476066938884,0.5712748270373573,0.7641411884633839,0.7073170731707317
ensemble,Chemberta Embeddings__SVR_RBF + Fingerprints__PLS + Fingerprints__RandomForest + Molformer Embeddings__Lasso + Molformer Embeddings__RandomForest,5,163,0.13524353782003867,0.1689383730300145,0.9816938232980422,1.0,41,0.40784279504436804,0.571448587160975,0.7639976880428374,0.7317073170731707
ensemble,Chemberta Embeddings__RandomForest + Descriptors__RandomForest + Fingerprints__GradientBoosting + Fingerprints__PLS + Molformer Embeddings__RandomForest,5,163,0.1483878264124075,0.1856618963232405,0.9778901091149133,0.9938650306748467,41,0.41057392802329623,0.5715051442299661,0.7639509707707866,0.6829268292682927
ensemble,Chemberta Embeddings__RandomForest + Chemberta Embeddings__SVR_RBF + Descriptors__RandomForest + Descriptors__SVR_RBF + Fingerprints__GradientBoosting + Fingerprints__PLS + Molformer Embeddings__RandomForest,7,163,0.13487597741928029,0.16639327079195054,0.9822412434818099,1.0,41,0.413103590331224,0.5717022739393607,0.7637881015395585,0.7073170731707317
ensemble,Chemberta Embeddings__RandomForest + Chemberta Embeddings__SVR_RBF + Descriptors__RandomForest + Descriptors__SVR_RBF + Fingerprints__PLS + Fingerprints__RandomForest + Molformer Embeddings__Lasso + Molformer Embeddings__RandomForest + Molformer Embeddings__SVR_RBF,9,163,0.1431034590176877,0.17658344149867838,0.9799994937434281,1.0,41,0.4087278898807499,0.5717147774411477,0.7637777692098604,0.7073170731707317
ensemble,Descriptors__SVR_RBF + Fingerprints__PLS + Molformer Embeddings__Lasso + Molformer Embeddings__RandomForest,4,163,0.13155077224329007,0.16400962586060508,0.982746400562422,1.0,41,0.42591150720109794,0.5718959047123059,0.7636280684591121,0.7073170731707317
ensemble,Chemberta Embeddings__RandomForest + Descriptors__RandomForest + Molformer Embeddings__Lasso,3,163,0.19079057787231393,0.2438927058604859,0.9618461244007362,0.9570552147239264,41,0.41461507197051073,0.572056049420995,0.763495670189478,0.7073170731707317
ensemble,Chemberta Embeddings__RandomForest + Chemberta Embeddings__SVR_RBF + Descriptors__RandomForest + Descriptors__SVR_RBF + Fingerprints__PLS + Fingerprints__RandomForest + Molformer Embeddings__Lasso + Molformer Embeddings__RandomForest,8,163,0.15045114586356745,0.18890357427186116,0.9771112863427439,1.0,41,0.4070323412858409,0.5724462460542338,0.7631729232618324,0.7073170731707317
ensemble,Chemberta Embeddings__RandomForest + Descriptors__SVR_RBF + Fingerprints__PLS + Fingerprints__RandomForest + Molformer Embeddings__Lasso,5,163,0.1378857972298638,0.17533100668828255,0.9802821985958632,1.0,41,0.41888738222233113,0.5727653306121974,0.7629088323552062,0.7073170731707317
ensemble,Chemberta Embeddings__RandomForest + Descriptors__RandomForest + Descriptors__SVR_RBF + Fingerprints__PLS + Molformer Embeddings__Lasso + Molformer Embeddings__RandomForest,6,163,0.15666420397250683,0.19591614672163976,0.9753803714407789,1.0,41,0.4162695808101335,0.5728586844348069,0.7628315400703589,0.7073170731707317
ensemble,Chemberta Embeddings__RandomForest + Chemberta Embeddings__SVR_RBF + Descriptors__RandomForest + Fingerprints__GradientBoosting + Fingerprints__PLS + Molformer Embeddings__RandomForest,6,163,0.13855951707151715,0.17078843688220507,0.9812906817361146,1.0,41,0.40757554194328344,0.5737245854783755,0.762114017123763,0.7073170731707317
ensemble,Chemberta Embeddings__RandomForest + Descriptors__SVR_RBF + Fingerprints__PLS + Fingerprints__RandomForest + Molformer Embeddings__Lasso + Molformer Embeddings__RandomForest,6,163,0.1531130150311077,0.19307725550666027,0.9760886955457253,0.9938650306748467,41,0.42161763739994323,0.5739894107932247,0.7618943550365072,0.7073170731707317
ensemble,Fingerprints__GradientBoosting + Fingerprints__PLS + Molformer Embeddings__RandomForest,3,163,0.10753668623114612,0.13192929030333397,0.9888359059159537,1.0,41,0.41729103655234584,0.5739920576209702,0.7618921590863079,0.7073170731707317
ensemble,Chemberta Embeddings__RandomForest + Chemberta Embeddings__SVR_RBF + Descriptors__RandomForest + Fingerprints__PLS + Fingerprints__RandomForest + Molformer Embeddings__Lasso + Molformer Embeddings__RandomForest,7,163,0.15554881290269362,0.19666145795236076,0.9751926973927308,0.9815950920245399,41,0.40690349441883505,0.5741699301959193,0.7617445632563229,0.7073170731707317
ensemble,Chemberta Embeddings__RandomForest + Chemberta Embeddings__SVR_RBF + Descriptors__SVR_RBF + Fingerprints__GradientBoosting + Fingerprints__PLS + Fingerprints__RandomForest + Molformer Embeddings__RandomForest,7,163,0.1320970454501228,0.16388589330750516,0.9827724237499607,1.0,41,0.41693479311310744,0.5742118952133304,0.7617097346858687,0.7073170731707317
ensemble,Chemberta Embeddings__RandomForest + Chemberta Embeddings__SVR_RBF + Descriptors__RandomForest + Fingerprints__PLS + Fingerprints__RandomForest + Molformer Embeddings__Lasso + Molformer Embeddings__RandomForest + Molformer Embeddings__SVR_RBF,8,163,0.14688326085841555,0.18183859552587314,0.9787913428240698,1.0,41,0.4136305690293686,0.5744952511127668,0.7614744988338283,0.7073170731707317
ensemble,Chemberta Embeddings__RandomForest + Descriptors__SVR_RBF + Fingerprints__GradientBoosting + Molformer Embeddings__RandomForest,4,163,0.15952681361854407,0.19700228286394278,0.9751066380982955,0.9938650306748467,41,0.4367779813592159,0.5746987651018614,0.7613054743751001,0.6829268292682927
ensemble,Chemberta Embeddings__RandomForest + Descriptors__SVR_RBF + Fingerprints__GradientBoosting + Fingerprints__PLS + Molformer Embeddings__RandomForest,5,163,0.13171581636663166,0.16270118034979944,0.9830205959697255,1.0,41,0.4258160224843907,0.5747260399516156,0.7612828172468524,0.6585365853658537
single,Descriptors__RandomForest,1,163,0.20283061839018274,0.2750696074676752,0.9514682165869177,0.9141104294478528,41,0.41050941707706623,0.5753349686638191,0.7607767021841321,0.7073170731707317
ensemble,Chemberta Embeddings__RandomForest + Chemberta Embeddings__SVR_RBF + Descriptors__SVR_RBF + Fingerprints__GradientBoosting + Fingerprints__PLS + Molformer Embeddings__RandomForest + Molformer Embeddings__SVR_RBF,7,163,0.11870695979823592,0.1420101753962835,0.9870645970182677,1.0,41,0.4197879059313905,0.575551564838853,0.7605965476394962,0.7073170731707317
ensemble,Chemberta Embeddings__RandomForest + Descriptors__RandomForest + Descriptors__SVR_RBF + Molformer Embeddings__Lasso,4,163,0.17183765683810232,0.21755169149746523,0.9696425027697348,0.9754601226993865,41,0.41651934960910164,0.575687076000063,0.7604838013246372,0.7073170731707317
ensemble,Chemberta Embeddings__RandomForest + Chemberta Embeddings__SVR_RBF + Descriptors__RandomForest + Descriptors__SVR_RBF + Fingerprints__RandomForest + Molformer Embeddings__Lasso + Molformer Embeddings__RandomForest + Molformer Embeddings__SVR_RBF,8,163,0.15843172712697706,0.196130042992987,0.9753265839249773,1.0,41,0.41160474710970113,0.5759974893629815,0.7602254350124877,0.6585365853658537
ensemble,Chemberta Embeddings__RandomForest + Chemberta Embeddings__SVR_RBF + Descriptors__RandomForest + Descriptors__SVR_RBF + Fingerprints__RandomForest + Molformer Embeddings__Lasso,6,163,0.15865846850008972,0.2012610602638313,0.9740187197257343,0.9938650306748467,41,0.40465175125229813,0.5760005986667764,0.7602228463415617,0.7317073170731707
ensemble,Chemberta Embeddings__RandomForest + Chemberta Embeddings__SVR_RBF + Descriptors__SVR_RBF + Fingerprints__GradientBoosting + Fingerprints__RandomForest + Molformer Embeddings__RandomForest,6,163,0.15070396098376895,0.18711638262164587,0.9775423317850576,0.9938650306748467,41,0.4217499410118668,0.5760644120618726,0.7601697150015849,0.7317073170731707
ensemble,Chemberta Embeddings__RandomForest + Chemberta Embeddings__SVR_RBF + Descriptors__RandomForest + Descriptors__SVR_RBF + Fingerprints__RandomForest + Molformer Embeddings__Lasso + Molformer Embeddings__RandomForest,7,163,0.16909274730063667,0.21303115446677653,0.9708910005958192,0.9693251533742331,41,0.4084451105664657,0.5765718929315851,0.7597469744585625,0.7073170731707317
ensemble,Chemberta Embeddings__RandomForest + Chemberta Embeddings__SVR_RBF + Descriptors__RandomForest + Descriptors__SVR_RBF + Fingerprints__PLS + Molformer Embeddings__Lasso,6,163,0.13268850124791473,0.16558642888863523,0.9824130505426554,1.0,41,0.40786952378751246,0.5768684059910054,0.7594998015446521,0.6829268292682927
ensemble,Chemberta Embeddings__RandomForest + Chemberta Embeddings__SVR_RBF + Descriptors__RandomForest + Descriptors__SVR_RBF + Fingerprints__PLS + Molformer Embeddings__Lasso + Molformer Embeddings__RandomForest + Molformer Embeddings__SVR_RBF,8,163,0.1389737298663693,0.16918445662598866,0.9816404531761598,1.0,41,0.41530635979794805,0.5771487529606133,0.759265987786123,0.7073170731707317
ensemble,Chemberta Embeddings__RandomForest + Descriptors__RandomForest + Fingerprints__PLS + Molformer Embeddings__Lasso + Molformer Embeddings__RandomForest,5,163,0.16534322919234068,0.2079976346925723,0.9722503296749512,0.9693251533742331,41,0.41387515488703136,0.5773243840501867,0.7591194508325977,0.7073170731707317
ensemble,Chemberta Embeddings__RandomForest + Descriptors__SVR_RBF + Fingerprints__RandomForest + Molformer Embeddings__Lasso,4,163,0.16701948973727498,0.21350876725567813,0.9707603303622053,0.9754601226993865,41,0.4182914091080911,0.5774778857511966,0.7589913409149218,0.7560975609756098
ensemble,Chemberta Embeddings__RandomForest + Chemberta Embeddings__SVR_RBF + Descriptors__RandomForest + Descriptors__SVR_RBF + Fingerprints__PLS + Molformer Embeddings__Lasso + Molformer Embeddings__RandomForest,7,163,0.14667057251731222,0.18204250020461796,0.9787437515073953,1.0,41,0.4115654023636214,0.5778561941604407,0.758675465729186,0.7073170731707317
ensemble,Chemberta Embeddings__SVR_RBF + Descriptors__SVR_RBF + Fingerprints__PLS + Molformer Embeddings__Lasso + Molformer Embeddings__RandomForest,5,163,0.12271048140008128,0.15153182097244738,0.9852718323249974,0.9938650306748467,41,0.41489983048898266,0.5780569635598968,0.7585077458047333,0.6829268292682927
ensemble,Chemberta Embeddings__RandomForest + Chemberta Embeddings__SVR_RBF + Descriptors__SVR_RBF + Fingerprints__PLS + Fingerprints__RandomForest + Molformer Embeddings__Lasso + Molformer Embeddings__RandomForest + Molformer Embeddings__SVR_RBF,8,163,0.13675042898537013,0.167087709145628,0.9820927026665489,1.0,41,0.41958911532229193,0.5782915183377241,0.7583117282580805,0.7073170731707317
ensemble,Chemberta Embeddings__RandomForest + Chemberta Embeddings__SVR_RBF + Descriptors__SVR_RBF + Fingerprints__GradientBoosting + Fingerprints__PLS + Molformer Embeddings__RandomForest,6,163,0.1244311595833051,0.15246491446634755,0.9850898894234081,1.0,41,0.4234082827352798,0.5784989703702064,0.7581382942207218,0.7073170731707317
ensemble,Fingerprints__PLS + Molformer Embeddings__Lasso + Molformer Embeddings__RandomForest,3,163,0.13849999375308722,0.17116542038490373,0.9812079959446773,1.0,41,0.42597364501164603,0.5791830776795533,0.7575659260689456,0.7073170731707317
ensemble,Chemberta Embeddings__RandomForest + Chemberta Embeddings__SVR_RBF + Descriptors__SVR_RBF + Fingerprints__PLS + Fingerprints__RandomForest + Molformer Embeddings__Lasso + Molformer Embeddings__RandomForest,7,163,0.14389614233605186,0.17969747225659471,0.9792878600689102,1.0,41,0.4164505122332265,0.5792944493244002,0.7574726813642029,0.7073170731707317
ensemble,Chemberta Embeddings__RandomForest + Chemberta Embeddings__SVR_RBF + Descriptors__SVR_RBF + Fingerprints__PLS + Fingerprints__RandomForest + Molformer Embeddings__Lasso,6,163,0.12981489999211118,0.1631708280249012,0.9829224301563527,1.0,41,0.41263151270961873,0.5798901009833708,0.7569736740966464,0.6829268292682927
ensemble,Descriptors__SVR_RBF + Fingerprints__PLS + Molformer Embeddings__Lasso,3,163,0.10195029399404826,0.1353073687743907,0.9882568682664306,1.0,41,0.42672344165906423,0.5810627121462841,0.7559898203964559,0.6829268292682927
ensemble,Chemberta Embeddings__RandomForest + Descriptors__SVR_RBF + Fingerprints__PLS + Molformer Embeddings__Lasso,4,163,0.1285484538287952,0.16188400603530254,0.983190727354959,1.0,41,0.4304315261401106,0.5814199599284933,0.755689684486299,0.7073170731707317
ensemble,Chemberta Embeddings__RandomForest + Chemberta Embeddings__SVR_RBF + Descriptors__RandomForest + Fingerprints__PLS + Molformer Embeddings__Lasso + Molformer Embeddings__RandomForest,6,163,0.15214984525128084,0.18937312132044395,0.9769973585359137,1.0,41,0.4156859904713655,0.5818431389252359,0.7553339188580641,0.7073170731707317
ensemble,Chemberta Embeddings__RandomForest + Descriptors__SVR_RBF + Fingerprints__PLS + Molformer Embeddings__Lasso + Molformer Embeddings__RandomForest,5,163,0.14880739414220256,0.18512746468080377,0.9780172134794376,1.0,41,0.43050730588399794,0.5819177821452545,0.7552711396162377,0.7073170731707317
ensemble,Chemberta Embeddings__SVR_RBF + Fingerprints__PLS + Molformer Embeddings__Lasso + Molformer Embeddings__RandomForest,4,163,0.12506518532873662,0.15304432585013386,0.9849763485033168,1.0,41,0.4239694732375006,0.5834559671404114,0.7539756446419513,0.7073170731707317
ensemble,Chemberta Embeddings__RandomForest + Fingerprints__GradientBoosting + Fingerprints__PLS + Molformer Embeddings__RandomForest,4,163,0.13659792682999672,0.1684523422247549,0.9817990044586334,1.0,41,0.4255628613511169,0.5835096612495189,0.7539303604485611,0.6829268292682927
ensemble,Descriptors__SVR_RBF + Molformer Embeddings__Lasso + Molformer Embeddings__RandomForest,3,163,0.16780814030662286,0.21058708911537052,0.9715550929877156,0.9815950920245399,41,0.4311507074553518,0.5835281010556455,0.75391480784183,0.7073170731707317
single,Fingerprints__RandomForest,1,163,0.19011355113295794,0.26476104564130226,0.9550376284009825,0.9325153374233128,41,0.40283888784834815,0.5841763259756222,0.7533677659563127,0.6829268292682927
single,Fingerprints__GradientBoosting,1,163,0.07316459899568789,0.09079779139212345,0.9947119980734033,1.0,41,0.4283846740142626,0.5845442983252798,0.7530569610793476,0.6829268292682927
ensemble,Chemberta Embeddings__SVR_RBF + Descriptors__SVR_RBF + Fingerprints__PLS + Molformer Embeddings__Lasso,4,163,0.09679326311234139,0.12702589803206923,0.9896503519078556,1.0,41,0.41286955557587734,0.5852829352273716,0.752432486650504,0.7073170731707317
ensemble,Chemberta Embeddings__RandomForest + Chemberta Embeddings__SVR_RBF + Descriptors__SVR_RBF + Fingerprints__PLS + Molformer Embeddings__Lasso + Molformer Embeddings__RandomForest,6,163,0.1386939274530527,0.17102640315863168,0.9812385085493701,1.0,41,0.42594924107277166,0.5875173220820025,0.7505386420019494,0.7073170731707317
ensemble,Chemberta Embeddings__RandomForest + Chemberta Embeddings__SVR_RBF + Descriptors__SVR_RBF + Fingerprints__PLS + Molformer Embeddings__Lasso,5,163,0.12079327167520842,0.15036425793623034,0.9854979210188943,1.0,41,0.4235837700414137,0.5896074035084438,0.7487605770604977,0.6829268292682927
ensemble,Chemberta Embeddings__RandomForest + Descriptors__SVR_RBF + Molformer Embeddings__Lasso,3,163,0.16422536518657688,0.20787801769880404,0.9722822375155649,0.9693251533742331,41,0.43378124397727774,0.5967440740962163,0.7426417108479237,0.6829268292682927
ensemble,Molformer Embeddings__Lasso + Molformer Embeddings__RandomForest,2,163,0.19774381391231347,0.24689280147968756,0.9609016985589893,0.9447852760736196,41,0.4508265720697577,0.600048509547018,0.7397836064193861,0.6585365853658537
ensemble,Descriptors__SVR_RBF + Molformer Embeddings__Lasso,2,163,0.14202204345686714,0.18759052045491323,0.9774283757473936,0.9693251533742331,41,0.43777145768161474,0.6142308225309934,0.7273376693892528,0.6829268292682927
single,Molformer Embeddings__SVR_RBF,1,163,0.094927665329272,0.0963725297051431,0.994042726303822,1.0,41,0.48411926790109056,0.6296915438818925,0.713438624404313,0.6097560975609756
single,Molformer Embeddings__Lasso,1,163,0.1831342467018737,0.22883022653192825,0.9664132627780521,0.9693251533742331,41,0.5081839459600442,0.6474321527566442,0.6970642990608098,0.6341463414634146
single,Fingerprints__PLS,1,163,0.04880832468437397,0.08449108330048714,0.9954210827794034,1.0,41,0.5121583165135738,0.6699119866006013,0.675662303411707,0.6341463414634146
single,Molformer Embeddings__RandomForest,1,163,0.24649557963711538,0.3098658748781642,0.9384130727313857,0.901840490797546,41,0.5201769158509457,0.6760224108310355,0.6697185992307231,0.6341463414634146
single,Chemberta Embeddings__RandomForest,1,163,0.2335819262362598,0.2980472231186079,0.9430214759609076,0.8957055214723927,41,0.5401240959113852,0.7039527471527073,0.6418632014582444,0.5609756097560976
single,Chemberta Embeddings__SVR_RBF,1,163,0.10473943262415028,0.13752109004044477,0.9878694735954734,0.9815950920245399,41,0.5175673979505765,0.7187160518715697,0.6266839861352763,0.6341463414634146
single,Descriptors__SVR_RBF,1,163,0.13719300086761024,0.20513634067434142,0.9730085482755393,0.9570552147239264,41,0.526027311810869,0.7317415149918776,0.6130299787793416,0.5853658536585366
