SMILES,correct_Chemberta Embeddings__RandomForest,correct_Chemberta Embeddings__SVR_RBF,correct_Descriptors__RandomForest,correct_Descriptors__SVR_RBF,correct_Fingerprints__GradientBoosting,correct_Fingerprints__PLS,correct_Fingerprints__RandomForest,correct_Molformer Embeddings__Lasso,correct_Molformer Embeddings__RandomForest,correct_Molformer Embeddings__SVR_RBF,err_Chemberta Embeddings__RandomForest,err_Chemberta Embeddings__SVR_RBF,err_Descriptors__RandomForest,err_Descriptors__SVR_RBF,err_Fingerprints__GradientBoosting,err_Fingerprints__PLS,err_Fingerprints__RandomForest,err_Molformer Embeddings__Lasso,err_Molformer Embeddings__RandomForest,err_Molformer Embeddings__SVR_RBF
C#CCn1c(C)nc2c(c(C(N)=O)c(N)n2-c2c(C)ccc(O)c2C)c1=O,0.0,1.0,1.0,1.0,1.0,1.0,1.0,1.0,0.0,1.0,1.0144357515261095,0.37725553382810695,0.09892714777000222,0.31506731557189127,0.02491768078781398,0.138113296555348,0.053226354258326225,0.3647521082827154,0.5964925156094427,0.38334552024355695
C=CCn1c(=O)c2cnc(Nc3ccc(N4CCN(C)CC4)cc3)nc2n1-c1cccc(C(C)(C)O)c1,1.0,1.0,1.0,1.0,1.0,0.0,1.0,1.0,0.0,1.0,0.003205081472010818,0.18389461995296497,0.08522497603479007,0.2882347223344359,0.015999920122650835,0.5845216118675864,0.19123759530223872,0.2175648069106444,0.5474326885617842,0.29849677450955614
C=CCn1c(=O)c2cnc(Nc3ccc(N4CCN(C)CC4)cc3)nc2n1-c1cccc(C(C)(C)O)n1,1.0,1.0,1.0,1.0,1.0,1.0,1.0,0.0,1.0,1.0,0.01994336988131984,0.1224831737385017,0.1366901597626775,0.008167704891776317,0.04693303898697021,0.3323156855806104,0.2451888040532344,0.6087138509475096,0.37447124512456487,0.24962426580878283
C=CCn1c(C)nc2c(c(C(N)=O)c(N)n2-c2c(C)ccc(O)c2C)c1=O,0.0,1.0,1.0,1.0,1.0,1.0,1.0,1.0,0.0,0.0,0.7965679845877656,0.1909562642460827,0.2521424988327823,0.3143117956629915,0.15179994019027276,0.38548782925245995,0.15490659533665685,0.19951596939355554,0.8104542362628919,0.5556349118909951
CC(C)(C)NS(=O)(=O)c1cncc(-c2ccn3nc(N)nc3c2)c1,0.0,0.0,0.0,0.0,0.0,0.0,0.0,1.0,0.0,0.0,1.304521830860784,1.1471772069249528,1.5602383244281732,1.2237112088477513,1.2692096069777747,1.3329207721512981,1.4752525008117887,0.11455726623535156,1.2298471181366724,1.203767201791349
CC(C)(F)c1nc(-n2c3nc(Nc4ccc5c(c4)CCNC5(C)C)ncc3c(=O)n2C2CC2)ccc1F,0.0,1.0,1.0,0.0,1.0,1.0,1.0,1.0,1.0,1.0,0.8391613253891741,0.050447750405023584,0.18814396352331642,0.5328061964988713,0.26232322773249184,0.08960746677482856,0.003794153838097003,0.3415841608229977,0.4205420071000603,0.05762260772834171
CC(C)(F)c1nc(-n2c3nc(Nc4ccc5c(c4)CCNC5)ncc3c(=O)n2C2CC2)ccc1F,0.0,1.0,1.0,1.0,1.0,1.0,1.0,0.0,0.0,1.0,1.1984931710575069,0.36750623352921785,0.2873621658316692,0.07180273821342009,0.3271713983682041,0.12354431346687367,0.2871395567083326,0.6776627864409184,0.8195514427206732,0.49601395287811023
CC(C)c1cnc2c(-c3ccc(F)c4[nH]ncc34)c(N)c(=O)[nH]c2c1,0.0,1.0,1.0,1.0,0.0,1.0,1.0,0.0,1.0,1.0,0.6209262781870528,0.22664217355989535,0.35038013364111364,0.10013818987331291,0.6319191820119103,0.4981282082945251,0.4840561899478919,0.5942415460617667,0.3874529297277274,0.3394769556246029
CC(C)n1c(=O)c2cnc(Nc3ccc4c(c3)CCNC4(C)C)nc2n1-c1ccc(F)c(C(C)(C)O)n1,1.0,1.0,1.0,0.0,1.0,1.0,1.0,0.0,1.0,1.0,0.2567063916336787,0.0014564530237146656,0.17860519046665502,0.7237336292942214,0.2743415905858635,0.3367716759682109,0.05669047990410192,0.6224622563286131,0.29189430369989466,0.09223444134051206
CC(C)n1c(=O)c2cnc(Nc3ccc4c(c3)CCNC4)nc2n1-c1ccc(F)c(C(C)(C)F)n1,1.0,1.0,1.0,1.0,1.0,1.0,1.0,0.0,1.0,1.0,0.10394416076521384,0.4348428501763957,0.27493275757835,0.33262573669169004,0.3486457893277688,0.3994543401589583,0.3154088428133468,0.5044885393017582,0.20098004957122662,0.2640218250543631
CC(C)n1c(=O)c2cnc(Nc3ccc4c(c3)CCNC4)nc2n1-c1ccc(F)c(C(C)(C)O)n1,1.0,1.0,1.0,1.0,1.0,1.0,1.0,1.0,0.0,1.0,0.4754386986766628,0.2107003990197116,0.4982047587666676,0.19392216978341636,0.34404053639320775,0.14766415909670538,0.41758114509000066,0.3593236052177735,0.6728379969543354,0.40859025412420724
CC(C)n1c(=O)c2cnc(Nc3ccc4c(c3)CCNC4)nc2n1-c1cccc(C2(C#N)CC2)n1,0.0,0.0,0.0,0.0,0.0,0.0,0.0,1.0,0.0,1.0,0.5371845180669927,0.5195214323556483,0.6289550690426555,0.716725979659552,0.6879293236871806,0.8472929469715558,0.7327557572709846,0.30374487952758766,0.6321736476735555,0.4820065196762826
CC(C)n1c(=O)c2cnc(Nc3ccc4c(c3)CCNC4)nc2n1-c1cccc(C2(CF)CC2)n1,1.0,1.0,1.0,1.0,1.0,1.0,1.0,1.0,1.0,1.0,0.44198422381332936,0.14268947513882235,0.28262634866832137,0.21178405587322757,0.04656247242364131,0.384806979502776,0.06803794198499258,0.09230796087060522,0.4404399631483322,0.051421091996039614
CC(C)n1c(=O)c2cnc(Nc3ccc4c(c3)CCNC4)nc2n1-c1ccnc(C2(C#N)CC2)c1,1.0,1.0,1.0,1.0,0.0,1.0,1.0,1.0,1.0,1.0,0.08517189863666896,0.02608799664387007,0.18168301986154933,0.44952869624380565,0.5156858938629005,0.4607199067839023,0.11758906065632946,0.3468308990947264,0.32769718999866626,0.26880027126612127
CC(C)n1c(=O)c2cnc(Nc3ccc4c(c3)CNCC4)nc2n1-c1ccc(F)c(C(C)(C)F)n1,0.0,1.0,1.0,1.0,1.0,1.0,1.0,1.0,0.0,1.0,0.5588128285375591,0.3743517370614642,0.31901902627933953,0.3307946208634984,0.2048582357745179,0.2273160813062347,0.24693132163266984,0.05929890062060572,0.5250790944464514,0.3153616805515407
CC(C)n1c(=O)c2cnc(Nc3ccc4c(c3)CNCC4)nc2n1-c1cccc(C2(C#N)CC2)n1,1.0,1.0,1.0,1.0,1.0,1.0,1.0,1.0,1.0,1.0,0.28900295401550125,0.3567682824393854,0.44709265882666305,0.3065563061766303,0.45857504341644706,0.41470620380002465,0.3664355680549978,0.26427740246533205,0.20712480857544158,0.22316936104130392
CC(C)n1c(=O)c2cnc(Nc3ccc4c(c3)CNCC4)nc2n1-c1csc(C2CC2)n1,0.0,0.0,0.0,0.0,0.0,0.0,0.0,1.0,0.0,0.0,1.4517826200700048,0.8158643308457849,1.0355762422378918,0.9010644893877151,1.2463873752803103,1.1505214782641273,0.5119731266713341,0.43250952045166,0.9935472194793347,0.8220376316823277
CC(C)n1c(=O)c2cnc(Nc3ccc4c(c3)CNCC4)nc2n1-c1nc(C(C)(C)C#N)ccc1F,1.0,1.0,1.0,1.0,1.0,1.0,1.0,1.0,0.0,1.0,0.48035354287100507,0.08656542502315467,0.1466639225500117,0.28814169283111735,0.19186932624876096,0.2762821056549907,0.2694658570056676,0.06539263419262653,0.853916400768779,0.3541324786697624
CC(C)n1c(=O)c2cnc(Nc3ccc4c(c3)CNCC4)nc2n1-c1nc(C(C)(C)C)c(Cl)s1,0.0,0.0,0.0,0.0,0.0,0.0,0.0,1.0,0.0,0.0,1.0989316733143335,0.5004129038385248,1.2112022851420052,0.9766749945793505,0.5586772068309704,0.5997206117903069,0.573061676932884,0.4965411787221683,1.5878004806560053,0.7484509094843812
CC(C)n1c(=O)c2cnc(Nc3ccc4c(c3)CNCC43CC3)nc2n1-c1ccc(F)c(C(C)(C)O)n1,1.0,1.0,1.0,1.0,1.0,0.0,1.0,1.0,1.0,1.0,0.2960087314429458,0.24889951424251677,0.1278850688216595,0.3491387205778427,0.22240823385494224,0.775654536322449,0.22727088120999905,0.48423503217968733,0.32813425539055796,0.1040676252838324
CC1=CC2C(C(N)=O)=C(N)C(c3c(C)ccc(O)c3C)N2N=C1,1.0,1.0,1.0,1.0,1.0,1.0,1.0,1.0,0.0,1.0,0.1827824360274466,0.21878344731921118,0.16106778426166457,0.162686039056819,0.05030733181907543,0.12968626581425724,0.057517234232497216,0.18213367462158203,0.9897295242085553,0.24232578713658093
CC1=CC2C(C(N)=O)=C(N)C(c3c(C)ccc(O)c3C)N2N=C1C,1.0,1.0,1.0,1.0,1.0,1.0,1.0,1.0,0.0,1.0,0.33183392387288535,0.1792053411721426,0.12629138416611418,0.12640889206351424,0.11945942904721996,0.21469980108140874,0.03571205035666747,0.3656930923461914,0.876940065012553,0.365383846039566
CC1=NN2C(C=C1C1CC1)C(C(N)=O)=C(N)C2c1c(C)ccc(O)c1C,1.0,0.0,1.0,1.0,1.0,1.0,1.0,1.0,0.0,0.0,0.2238112592791639,0.8327096584903808,0.06985812797889146,0.4505541514432503,0.13971679961561811,0.29555914798877936,0.010291998271947378,0.023283004760742188,0.7565144291211077,0.5167307564970969
CCN(CC)CCOc1ccc(Nc2ncc3cc(-c4c(Cl)cccc4Cl)c(=O)n(C)c3n2)cc1,0.0,0.0,0.0,0.0,0.0,0.0,0.0,0.0,0.0,0.0,1.5327899516729344,1.2683082216477901,1.5549759521729936,1.7815393198259972,1.9424138832777862,1.7696578540464243,1.5960477660925942,1.3127738301840006,1.2919589410377137,1.487562733652461
CCNC(=O)c1c(N)n(-c2cc(O)ccc2C)c2nc3ccccc3nc12,0.0,0.0,0.0,0.0,0.0,0.0,0.0,0.0,0.0,0.0,1.2602723987369018,0.8009922168992265,1.5254489905016797,1.2585076639691781,0.9038169261517206,0.8861315513626495,0.9184164807860258,0.587423272740967,0.9599795013134589,0.766825512925049
CCOc1cc2ncc(C#N)c(Nc3ccc(F)c(Cl)c3)c2cc1NC(=O)/C=C\CN(C)C,0.0,0.0,0.0,0.0,1.0,1.0,1.0,0.0,0.0,0.0,1.071931283089782,0.9247437867959052,0.7160157162430574,0.7922237936983034,0.029035344043251143,0.41565017912037394,0.16881603202911943,0.8180016929157716,0.7983318172093377,0.5442646517800993
CCc1cnc2c(-c3ccc(F)c4[nH]ncc34)c(N)c(=O)[nH]c2c1,1.0,1.0,1.0,1.0,0.0,0.0,0.0,1.0,1.0,1.0,0.378507834247892,0.13121768726277594,0.43402629051331854,0.04817335695230618,0.8982883523522469,0.5692538134635443,0.7062177425488487,0.1692117121064456,0.275669682653338,0.16822000887656063
CCc1cnc2c(-c3ccc(F)c4[nH]ncc34)c(N)c(=O)[nH]c2c1C,0.0,1.0,1.0,1.0,1.0,1.0,1.0,1.0,1.0,1.0,0.606623322308061,0.23146180946860362,0.11945012794417487,0.011338037617134589,0.05314620393556346,0.20326944358606802,0.03056255877167935,0.1340364869687498,0.46785061277522644,0.20577748586498412
CCn1c(=O)c2cnc(Nc3ccc4c(c3)CCNC4)nc2n1-c1ccc(F)c(C(C)(C)O)n1,1.0,1.0,1.0,1.0,1.0,1.0,1.0,1.0,1.0,1.0,0.19058970698800248,0.09253591793320037,0.08744734002666021,0.12485564376915015,0.2459265425785464,0.34502451975705917,0.22577170433999605,0.20176696957080065,0.04035895788900401,0.15567710592675343
CCn1c(=O)c2cnc(Nc3ccc4c(c3)CCNC4)nc2n1-c1cccc(C2(C#N)CC2)n1,1.0,1.0,1.0,1.0,1.0,1.0,1.0,1.0,1.0,1.0,0.1569063029442157,0.22323261215737666,0.13080355894164963,0.3917162658358153,0.12252395913695757,0.14546962861718615,0.037707716366654154,0.2087021185026856,0.22071345743522386,0.11943714150744444
CCn1c(=O)c2cnc(Nc3ccc4c(c3)CNCC4(C)C)nc2n1-c1cccc(C2(C#N)CC2)n1,0.0,1.0,0.0,0.0,1.0,1.0,0.0,0.0,0.0,0.0,1.0849741534057769,0.4857291649506985,1.1081991838335652,1.1383064218935974,0.44071801915434783,0.06788819089267584,0.6594942619920205,1.7332642058056642,1.2083361778561086,1.1967632445785803
CCn1c(=O)c2cnc(Nc3ccc4c(c3)CNCC4)nc2n1-c1ccc(F)c(C(C)(C)F)n1,1.0,1.0,0.0,1.0,0.0,1.0,0.0,0.0,1.0,1.0,0.2807918158233216,0.22010615569653869,0.6195799863623179,0.44175672049532366,0.5669304770142656,0.36698997666883315,0.625816518097313,0.5795873015190427,0.2729186406495492,0.1407108260800447
CCn1c(=O)c2cnc(Nc3ccc4c(c3)CNCC4)nc2n1-c1ccc(F)c(C(C)(C)O)n1,0.0,0.0,1.0,1.0,0.0,0.0,0.0,0.0,0.0,0.0,0.8302566737208927,0.7592490017383238,0.46433145667667386,0.44304254186870917,0.8436703263940819,1.0411772497183964,0.8481647042816611,0.5175708824943852,0.8438906516842248,0.7347390158208711
CCn1c(=O)c2cnc(Nc3ccc4c(c3)CNCC4)nc2n1-c1cccc(C2(C#N)CC2)n1,0.0,1.0,0.0,0.0,0.0,0.0,0.0,1.0,0.0,0.0,0.5532775491600139,0.4842448005100506,0.6205028780805764,0.5924170718301545,0.6409570049438402,0.6302261096340498,0.6028205042083554,0.3552316474675292,0.7560179900563364,0.6211456389905736
CCn1c(=O)c2cnc(Nc3ccc4c(c3)CNCC4)nc2n1-c1cccc(C2(CF)CC2)n1,0.0,0.0,1.0,1.0,0.0,0.0,0.0,0.0,0.0,0.0,0.9831569477043374,0.8626094958980337,0.43761696419177465,0.406659116013663,0.7550529857456292,0.767960375662974,0.5763932263183218,0.741654155264893,0.5658766940965574,0.5148016456062159
CN(C)C(=O)c1ccc(-c2cnc3c(-c4ccc(F)c5[nH]ncc45)c(N)c(=O)[nH]c3c2)cc1,0.0,0.0,0.0,1.0,0.0,0.0,0.0,0.0,0.0,0.0,0.8486725803094446,1.0385198843666439,0.8836766550496664,0.46047412185161996,0.8953451306710214,1.173851825077044,1.0583533692538865,0.8642701553984375,0.8195959053965582,0.8706477372985528
CN1CCN(CCOc2cc(OC3CCOCC3)c3c(Nc4c(Cl)ccc5c4OCO5)ncnc3c2)CC1,1.0,1.0,1.0,1.0,1.0,1.0,1.0,1.0,0.0,1.0,0.40528338468473013,0.46049199709383437,0.2292295552437933,0.13542563905921945,0.007409228054910066,0.2639288570607068,0.24371462905557006,0.10533644727441427,0.7644599161383416,0.43617663136019935
CN1CCN(CCOc2cc3ncnc(Nc4c(Cl)ccc5c4OCO5)c3cc2OC2CCOCC2)CC1,1.0,1.0,1.0,1.0,1.0,1.0,1.0,0.0,1.0,1.0,0.3140345960959019,0.1533513636714252,0.33272502467012455,0.10611769620516132,0.13513287843415256,0.10649923995378074,0.02208722822429543,0.9550254149082029,0.16286079067522863,0.11508138282123248
CN1CCc2[nH]c(=S)c(C#N)c(-c3cccs3)c2C1,0.0,1.0,1.0,0.0,0.0,0.0,1.0,0.0,0.0,0.0,1.074427041386615,0.37368970010276037,0.33127550097750813,0.586493880283883,0.9000031282773815,0.9463226859289602,0.05824522909700214,0.5309538324301757,0.9259386417250628,0.6489150022293417
CNC(=O)c1c(N)n(-c2cc(O)ccc2C)c2nc3ccccc3nc12,1.0,1.0,1.0,0.0,1.0,1.0,1.0,1.0,1.0,1.0,0.360748571475618,0.2418183581368636,0.007729127505339939,0.5840510203732769,0.02069474880453548,0.11838850935567091,0.24992613696831967,0.09654853396948226,0.18382640160134045,0.1691069920769941
CNC(=O)c1ccccc1Nc1nc(Nc2ccc(N3CCOCC3)cc2)ncc1OC,1.0,1.0,1.0,1.0,1.0,1.0,1.0,1.0,0.0,1.0,0.4791996271482253,0.33021507768431935,0.32365605282016396,0.24466962622570598,0.07794155995568897,0.303166206689065,0.413284570127999,0.11179075319189469,0.5166927570228923,0.35092852119224904
CNC(=O)c1ccccc1Nc1nc(Nc2cccc(CS(C)(=O)=O)c2)ncc1C,0.0,0.0,0.0,0.0,0.0,0.0,0.0,1.0,1.0,0.0,0.7753881741418853,0.9264594920034446,1.1044952290468784,1.0389072965104953,1.166727037811139,1.2564666799793311,0.8789710050705501,0.1463676593081047,0.45846063929665615,0.6517520653289255
COc1cc(Nc2c(C#N)cnc3cc(OCCCN4CCN(C)CC4)c(OC)cc23)c(Cl)cc1Cl,1.0,1.0,1.0,1.0,0.0,0.0,1.0,0.0,1.0,1.0,0.1709106593785492,0.16338715794954428,0.1706626271652727,0.181777637388568,1.1958790223958262,1.120922872805524,0.46037018675037444,2.5875919300257078,0.17153645246188187,0.46583697446250305
COc1cc(Nc2ncc(C#N)c(Nc3ccccc3C(N)=O)n2)ccc1N1CCN(C)CC1,1.0,1.0,1.0,1.0,1.0,1.0,1.0,1.0,1.0,1.0,0.0024118476992773807,0.05139185222586118,0.0013689385194082249,0.10606295215631523,0.05186407304637264,0.08091621251331649,0.08374690795913065,0.06524961592968737,0.275467659436222,0.12431595364066439
COc1cc2ncnc(Nc3cccc(Cl)c3)c2cc1OC,0.0,0.0,0.0,0.0,0.0,1.0,0.0,1.0,0.0,0.0,1.4685708553961723,1.3505605004119214,1.5294515744942316,0.8994843039391265,1.0648446975353094,0.35032427390285026,1.0444552411481194,0.2270433000750005,1.3605434205988391,1.5507471612577275
COc1ccc(-c2c(N)c(=O)[nH]c3cc(Cl)cnc23)c2cn[nH]c12,0.0,0.0,0.0,0.0,0.0,0.0,0.0,0.0,0.0,0.0,1.472804305665119,1.4286325541724656,1.7844317604102233,2.1139324169800364,1.7900867972243244,1.2926792839817391,1.94184409155723,0.788347637600098,1.7821058746291127,1.424420428559995
COc1ccc(-c2oc3c(CC=C(C)C)c(O)cc(O)c3c(=O)c2O)cc1,0.0,0.0,0.0,0.0,0.0,0.0,0.0,0.0,0.0,0.0,1.8600329879122786,1.9782375105996906,1.9833824522583887,1.2842056938337398,1.5835330336495348,1.9705132705209785,2.1525489208903936,1.4261694954580078,2.2140252501425532,1.6949741044162767
COc1ccc(C)c(-n2c(N)c(C(N)=O)c3nc4ccccc4nc32)c1C,0.0,0.0,0.0,1.0,0.0,0.0,0.0,0.0,0.0,0.0,1.2228637935638424,0.712521513512705,0.9887388738892966,0.2044324536796509,1.2798808031232776,0.6316951921848055,1.0620367334600136,1.1391127535449215,1.4041722807793962,0.5400612996390874
COc1ccc(Nc2ncc(C#N)c(Nc3ccccc3C(N)=O)n2)cc1N1CCN(C)CC1,1.0,1.0,1.0,1.0,1.0,1.0,1.0,1.0,1.0,1.0,0.2881103762178876,0.1913081151839897,0.01761212098475795,0.046276880659513075,0.02676687242834852,0.36283136973005714,0.11252458099001839,0.34396427275952135,0.2180197204088845,0.18358418932667675
COc1ccnc2c(-c3cccc(O)c3C)c(N)c(C(N)=O)cc12,1.0,1.0,0.0,0.0,0.0,0.0,0.0,1.0,1.0,1.0,0.04653384708594288,0.017919780842877486,0.5966877998762161,0.6661253548844268,0.9495724919158182,1.0466511813905388,0.6459371084469376,0.42306692989892536,0.047674347252334215,0.15159959811808577
COc1cnc(Nc2ccc(N3CCOCC3)cc2)nc1Nc1ccc(C)c(O)c1,1.0,1.0,1.0,1.0,0.0,1.0,1.0,0.0,1.0,1.0,0.13036239821639306,0.130354458798438,0.17473906709328446,0.015025075102986563,0.5249688084658288,0.16408684625915004,0.009366309454651223,0.5562713211130372,0.33334710170289483,0.3100784243965977
CSc1cnc(Nc2ccc(N3CCOCC3)cc2)nc1Nc1cccc(O)c1,0.0,1.0,1.0,1.0,1.0,1.0,1.0,0.0,0.0,0.0,0.771019221622887,0.4348382776744204,0.48842461658417236,0.4840427015482627,0.056195724306079775,0.3180293897770383,0.35503355705701267,0.9050731785419917,0.7903406828348869,0.6728627924514861
CSc1ncc2c(C(N)=O)c(N)n(-c3c(C)ccc(O)c3C)c2n1,1.0,0.0,0.0,1.0,0.0,0.0,0.0,0.0,0.0,0.0,0.3796806407291111,0.6104841878814913,0.6453805019838805,0.035001883152847135,1.013984982128557,0.6570558069386863,0.9803615816833418,1.1123838424682617,0.5510200987166645,0.6479129911793979
Cc1c(C(C)C)cnc2c(-c3ccc(F)c4[nH]ncc34)c(N)c(=O)[nH]c12,0.0,1.0,1.0,1.0,1.0,1.0,1.0,1.0,1.0,1.0,0.6376613072686697,0.46486790828558266,0.29479277743252297,0.1288519727450197,0.23312330523573888,0.2957952502814347,0.18934840775334827,0.43382064580542057,0.4236449821850101,0.3713050825507205
Cc1c(C2CC2)cnc2c(-c3ccc(F)c4[nH]ncc34)c(N)c(=O)[nH]c12,1.0,1.0,1.0,1.0,1.0,1.0,1.0,1.0,1.0,1.0,0.21266932387056414,0.04535942187217046,0.06851985251001658,0.2912802608326386,0.060228532195651496,0.43552637248282533,0.3323442215244592,0.4557087567534186,0.49228161769778467,0.352588577048782
Cc1c(C2CC2)nc(Cl)c2c(-c3ccc(F)c4[nH]ncc34)c(N)c(=O)[nH]c12,1.0,1.0,1.0,0.0,0.0,1.0,1.0,1.0,1.0,1.0,0.03905529302167121,0.058236562462116837,0.18824051174334233,0.7977136764174713,0.5021053239729962,0.04038747590272518,0.13492212558054995,0.42353057861328125,0.30681497772944866,0.18855358896791152
Cc1c(O)ccc(Cl)c1-n1c(N)c(C(N)=O)c2nc3ccccc3nc21,1.0,0.0,0.0,0.0,1.0,1.0,1.0,0.0,0.0,0.0,0.38097666683427356,0.5256111243161055,0.5296114526128797,0.6950485057012781,0.06631065111244627,0.023815159859327473,0.2949226490138841,0.8988255667648932,0.6926287460783236,0.611562354274497
Cc1cc(C)c2[nH]c(=O)c(N)c(-c3ccc(F)c4[nH]ncc34)c2n1,1.0,1.0,1.0,1.0,1.0,1.0,1.0,0.0,1.0,1.0,0.04321506895277949,0.18996436316146692,0.1477382106883356,0.14281456564164507,0.01417428914581631,0.44292198093050406,0.054968660121662793,0.5450963074516606,0.11255958276105282,0.10691524254256013
Cc1cc(Cl)c2c(-c3ccc(F)c4[nH]ncc34)c(N)c(=O)[nH]c2c1,1.0,1.0,1.0,1.0,1.0,0.0,1.0,1.0,1.0,1.0,0.12215070480084389,0.049867799765912935,0.4235328839830528,0.30084741948567384,0.3782544852419534,0.5816550603924631,0.15016170945499674,0.10144615173339844,0.20701729152945525,0.006072352673468728
Cc1cc(F)c2[nH]ncc2c1-c1c(N)c(=O)[nH]c2cc(Cl)cnc12,0.0,0.0,0.0,0.0,0.0,0.0,0.0,0.0,0.0,0.0,1.2633784335704412,1.0185872496489203,1.3398075398638847,1.3580525905239336,0.9651420750237882,1.082319956402162,1.1359285842905544,1.187915614807129,1.1887012497557778,0.8836862927347049
Cc1cc(Nc2ncc3cc(-c4c(Cl)cccc4Cl)c(=O)n(C)c3n2)ccc1F,0.0,1.0,1.0,1.0,0.0,0.0,1.0,0.0,1.0,1.0,0.5843434639071656,0.41739586207294366,0.08642507384555209,0.4920926174995319,0.8024789866316464,1.2066080366863412,0.3568628029663383,0.8062024526328129,0.29044909542117203,0.26205876598913136
Cc1cc(O)cc(C)c1/C=C/c1cncc(C(N)=O)c1,0.0,0.0,0.0,0.0,0.0,0.0,0.0,0.0,0.0,0.0,1.888962072473885,1.2350229382728424,1.589266399078003,0.9330442004067923,0.9136347817895425,1.7130520965833513,0.9104720743111274,2.8671416061679693,1.0177513068523352,1.4008765803846153
Cc1cc(O)cc(Nc2ccnc3cc(-c4ccccn4)ccc23)c1,0.0,0.0,0.0,0.0,1.0,1.0,1.0,1.0,0.0,0.0,1.007333166440115,0.95179372539803,1.0272077322867759,1.0282349700738438,0.4680743735476627,0.24392950671528624,0.2783746758697898,0.015070934076904408,0.60290018843145,0.8350520534535919
Cc1cc2[nH]c(=O)c(N)c(-c3ccc(F)c4[nH]ncc34)c2nc1C,1.0,1.0,1.0,1.0,1.0,1.0,1.0,1.0,1.0,1.0,0.2583184955562263,0.18195830495113174,0.03701621989334125,0.08531855708210134,0.33004336746776275,0.47611424391356305,0.11092757728166625,0.2695458327285154,0.30757500247444547,0.10885064113668275
Cc1cc2[nH]c(=O)c(N)c(-c3ccc(F)c4[nH]ncc34)c2nc1C#CC(C)C,0.0,0.0,1.0,1.0,0.0,0.0,1.0,0.0,0.0,0.0,0.9287996013586062,0.6246369905926059,0.38285948849695206,0.1116439407049512,0.5294213594564043,0.7334003647789622,0.4095002294322123,0.8395362754365223,0.8895792397257711,0.809045939824359
Cc1cc2[nH]c(=O)c(N)c(-c3ccc(F)c4[nH]ncc34)c2nc1CCCN(C)C,1.0,0.0,1.0,0.0,1.0,0.0,1.0,1.0,1.0,1.0,0.2381945926729463,0.5841504797724193,0.09768456573388651,0.5602966482472107,0.3697984432361361,0.5457903459806408,0.45455224350333445,0.457560454248779,0.10856950772872676,0.31688929681250766
Cc1cc2c(C(N)=O)c(N)n(-c3c(C)c(O)cc(F)c3C)c2nc1C,0.0,0.0,0.0,0.0,0.0,0.0,0.0,0.0,0.0,0.0,0.7973784308170542,0.997793183084986,1.2000020352319405,1.2740993769949753,0.9553240574149333,0.8477838264026527,0.8477863171505646,0.7410267153603511,0.8457711214331685,0.6886814301812132
Cc1cc2c3c(N)ncnc3n(-c3c(C)ccc(O)c3C)c2nc1C,1.0,1.0,0.0,0.0,0.0,1.0,0.0,0.0,1.0,1.0,0.3169659748731162,0.13711214175655329,0.6796745385582179,0.7648376231836203,0.639969154165767,0.1575886683776453,1.1245449123922207,0.8298206329345703,0.03461652175856056,0.14339461400158093
Cc1ccc(-c2cc3c(Cl)c(-c4c(C)ccc(O)c4C)cnc3[nH]2)cn1,0.0,0.0,0.0,0.0,0.0,0.0,0.0,0.0,0.0,0.0,0.9462893279523312,0.9733374296516857,1.6897106950211649,1.1300125679819608,0.7246290146724164,0.9869940262807981,1.0260585914415534,2.180112838745117,0.9482865535815002,0.961294110778053
Cc1ccc(C(=O)NCCO)cc1-n1cnc(OCc2ccc(F)cc2F)c(Cl)c1=O,0.0,0.0,0.0,0.0,0.0,0.0,0.0,0.0,0.0,0.0,1.9270171138125,1.5537690130802986,1.2328040267048435,1.2409159769946783,0.7974977089496456,1.4349391530718805,0.989677734461563,1.130265235900879,1.3647376672973914,1.610866691906355
Cc1ccc(C(F)F)cc1-n1c(N)c(C(N)=O)c2nc3ccccc3nc21,0.0,0.0,0.0,0.0,0.0,0.0,0.0,0.0,0.0,0.0,1.347675182943462,0.8127604498314405,1.0830711614374664,1.8548197717380832,1.850605085571459,1.4936518789409075,1.4810030378633625,1.0054019251687007,1.7963489441861302,1.2019551379316562
Cc1ccc(Cl)c(C)c1-n1c(N)c(C(N)=O)c2nc3ccccc3nc21,0.0,0.0,0.0,0.0,0.0,0.0,0.0,0.0,0.0,0.0,1.9247030519855555,1.0403687445124392,1.386448006381901,0.556407399876381,1.7915220544354895,2.1342572663837407,1.744761137956127,1.5591905871254879,1.7213610727675581,1.5044881324729813
Cc1ccc(N)cc1-n1c(N)c(C(N)=O)c2nc3ccccc3nc21,0.0,0.0,0.0,0.0,0.0,0.0,0.0,0.0,0.0,0.0,1.7701197900810195,1.3894377130992872,1.3535687673385253,1.009333654823041,0.982803876985753,1.3861673445743916,0.6382870880621914,1.5985410967690425,1.8988645550990704,1.406538033094865
Cc1ccc(O)c(C)c1-c1c(N)c(=O)[nH]c2cc(Cl)cnc12,1.0,1.0,1.0,1.0,1.0,1.0,1.0,1.0,1.0,1.0,0.09024014945134251,0.04342366814758236,0.11100812998694387,0.28106049495254304,0.08007178573929075,0.18576876816161203,0.038561008936381924,0.07808102267260786,0.01707778008333527,0.14009602398042809
Cc1ccc(O)c(C)c1-c1c(N)c(C(N)=O)nc2cccnc12,1.0,1.0,1.0,1.0,1.0,1.0,1.0,1.0,1.0,1.0,0.08070229415917485,0.04002332765075156,0.08640112019832547,0.3519235523223694,0.04631252930406138,0.17126298408864926,0.11805232644721375,0.3361889561789555,0.07173475656666195,0.07740527224713212
Cc1ccc(O)c(C)c1-c1c(N)c(C(N)=O)nc2nccnc12,1.0,1.0,1.0,1.0,1.0,1.0,1.0,1.0,1.0,1.0,0.04442711988834347,0.19720819423813207,0.030139695977214664,0.3343568009889548,0.2526424519481525,0.20112226187797333,0.21229208461055027,0.41301076022558636,0.18519240982388485,0.2728726089563498
Cc1ccc(O)c(C)c1-c1cc(-c2ccncc2)cc(C(N)=O)c1N,1.0,1.0,1.0,1.0,0.0,0.0,0.0,0.0,1.0,0.0,0.40069216756566917,0.15657484533013566,0.34202712609044994,0.08091053590736941,1.0395892543454757,0.9168389008234126,0.8178594594683339,1.016822462847168,0.4957498472716626,0.5462508141643596
Cc1ccc(O)c(C)c1-n1c(Cl)c(C(N)=O)c2nc3ccccc3nc21,0.0,0.0,0.0,0.0,0.0,0.0,0.0,0.0,0.0,0.0,0.7731223317260119,1.059681125831779,1.3286953903513865,1.2464610743302567,1.7711273745951903,1.3614935800464396,1.538130328610829,1.698498614589111,1.3879358106544482,1.4631265473912434
Cc1ccc(O)c(C)c1-n1c(N)c(C(=O)N2CCn3nccc3C2)c2nc(C)c(C)nc21,0.0,0.0,0.0,0.0,0.0,0.0,0.0,0.0,0.0,0.0,0.8863941059951141,1.2979388850149345,0.9352639486483261,0.6155878481370687,0.5448780663221768,0.6112290977230881,0.5735556738097358,0.7866904759301754,0.7962797737266127,0.6318205877272574
Cc1ccc(O)c(C)c1-n1c(N)c(C(N)=O)c2c(=O)n(C)c(C)cc21,1.0,0.0,1.0,1.0,1.0,1.0,0.0,0.0,1.0,0.0,0.32233922824333927,0.6524269333135946,0.17753467267111578,0.45136108218302784,0.44989974553637335,0.4756679161820232,0.5229170358033466,1.0050656770439454,0.037149805191216245,0.6623866362174811
Cc1ccc(O)c(C)c1-n1c(N)c(C(N)=O)c2c(=O)n(C)c(C)nc21,1.0,1.0,1.0,1.0,1.0,1.0,1.0,1.0,1.0,1.0,0.3694483448572381,0.08092816871552522,0.13660542771834194,0.22016119604739792,0.42041460272757547,0.4494616094333441,0.17219243739111256,0.1887483245161139,0.2757526821561189,0.19759159964187845
Cc1ccc(O)c(C)c1-n1c(N)c(C(N)=O)c2c(=O)n(C3CC3)c(C)cc21,1.0,1.0,1.0,1.0,1.0,0.0,1.0,1.0,1.0,1.0,0.15495298544695224,0.11734917424310431,0.2219252135525096,0.12318313848561147,0.41534420911162595,0.7023626705692454,0.29796450385919826,0.008442847071288284,0.33791756336728085,0.08382712228747025
Cc1ccc(O)c(C)c1-n1c(N)c(C(N)=O)c2c(=O)n(CC#N)c(C)nc21,1.0,1.0,1.0,1.0,1.0,1.0,1.0,1.0,1.0,1.0,0.041243850404450555,0.03442238774723094,0.058321447874996935,0.165608374965883,0.24295475325994964,0.2688636932291306,0.030294741290003202,0.049259982101562017,0.4682473341938973,0.22996240879645136
Cc1ccc(O)c(C)c1-n1c(N)c(C(N)=O)c2c(=O)n(CC(F)(F)F)c(C)nc21,1.0,1.0,0.0,0.0,0.0,0.0,1.0,0.0,0.0,0.0,0.48574030524028267,0.47731666377578996,0.8456810846849487,1.2451323707308148,0.557971725187949,0.6961804094518467,0.13794075571999898,1.4731299057749023,0.7569163205533442,0.7802919527920729
Cc1ccc(O)c(C)c1-n1c(N)c(C(N)=O)c2c(=O)n(CC(F)F)c(C)nc21,1.0,1.0,1.0,1.0,1.0,1.0,1.0,1.0,0.0,1.0,0.24313822800417562,0.017918223386413246,0.01635666820057402,0.3807309523079212,0.18549925944315682,0.1567265566814111,0.0077703333099812255,0.1170960687270508,0.6687847229770094,0.05218876611837331
Cc1ccc(O)c(C)c1-n1c(N)c(C(N)=O)c2c(=O)n(CC3CC3)c(C)nc21,0.0,1.0,1.0,1.0,1.0,1.0,1.0,1.0,0.0,0.0,0.5533433854528873,0.2923912831836404,0.24370601293387573,0.24598366263503202,0.32639688706446357,0.23838832058806148,0.2655550005772227,0.24540765812499998,0.7193844652197212,0.536238646402559
Cc1ccc(O)c(C)c1-n1c(N)c(C(N)=O)c2c(=O)n(CCF)c(C)nc21,1.0,1.0,1.0,1.0,1.0,1.0,1.0,1.0,0.0,1.0,0.27527772082417457,0.1692696568730483,0.049303097463345935,0.2818509130378146,0.03756035169674732,0.11465380731474895,0.02698809881165154,0.3503299872480472,0.5620566003992753,0.302290897662127
Cc1ccc(O)c(C)c1-n1c(N)c(C(N)=O)c2c(=O)n(CCO)c(C)nc21,1.0,1.0,1.0,0.0,1.0,1.0,1.0,1.0,1.0,1.0,0.2406482188494472,0.16062836909082812,0.2263066282761219,0.6477193285829763,0.049796635817440205,0.2388207704371652,0.036097314511675194,0.07018799128613296,0.29757824722334014,0.2310219950674881
Cc1ccc(O)c(C)c1-n1c(N)c(C(N)=O)c2c(=O)n(CF)c(C)nc21,1.0,1.0,1.0,1.0,1.0,1.0,1.0,1.0,0.0,1.0,0.4681124617049992,0.4106768328428547,0.2434043547405551,0.1348440343301025,0.252129231682229,0.46579971517084395,0.164089732050007,0.3597005036298828,0.6698473728462204,0.2667814101868
Cc1ccc(O)c(C)c1-n1c(N)c(C(N)=O)c2c(=O)n(CF)ccc21,0.0,1.0,0.0,1.0,0.0,0.0,0.0,1.0,0.0,0.0,0.5587670814292878,0.15753821689268044,0.9220271971750167,0.419249176209183,0.7131717316038522,0.7659243108342046,0.7592943564650287,0.43165486526757846,0.9151264567128949,0.7977191257128133
Cc1ccc(O)c(C)c1-n1c(N)c(C(N)=O)c2cc(C3CC3)cnc21,0.0,1.0,1.0,1.0,1.0,0.0,1.0,1.0,0.0,1.0,0.9240577713482789,0.4812677645475496,0.4144671304169405,0.002976416702624718,0.4440564026715297,0.5503928008825882,0.4129409261522117,0.2324700031293947,0.8015789739862242,0.39754737324814826
Cc1ccc(O)c(C)c1-n1c(N)c(C(N)=O)c2cc(Cl)c(C)nc21,1.0,1.0,1.0,1.0,1.0,0.0,1.0,1.0,1.0,1.0,0.09682294709778283,0.12574035107700077,0.3495977467866638,0.013066813941676969,0.31390386244857993,0.6723510301345383,0.18905417778500233,0.44592334975341785,0.18450112853055334,0.11952924606683979
Cc1ccc(O)c(C)c1-n1c(N)c(C(N)=O)c2cc(Cl)cnc21,0.0,1.0,0.0,1.0,1.0,1.0,1.0,0.0,0.0,0.0,0.5743467725506735,0.41728767453666205,0.572103191338603,0.17470587160301676,0.17904629950763074,0.4247622062469496,0.2026202720210879,0.6546755765957837,0.6809454710241605,0.6240467811714199
Cc1ccc(O)c(C)c1-n1c(N)c(C(N)=O)c2nc(-c3ncc(F)cc3F)cnc21,1.0,1.0,1.0,1.0,1.0,1.0,1.0,1.0,1.0,1.0,0.07902643471777893,0.24395413099839747,0.31580030447017116,0.22489938744789484,0.13942522894642728,0.02659300180940516,0.30086171756221347,0.1249764719826656,0.011898081749937006,0.12472515745557633
Cc1ccc(O)c(C)c1-n1c(N)c(C(N)=O)c2nc(-c3nccs3)cnc21,1.0,1.0,1.0,1.0,1.0,1.0,1.0,0.0,1.0,1.0,0.18262484312900273,0.32027954404847137,0.09407441042999665,0.07824145947230754,0.003009702691863403,0.1406579834647026,0.12410097385751229,0.6460304084433588,0.2647092753894382,0.1527121747865685
Cc1ccc(O)c(C)c1-n1c(N)c(C(N)=O)c2nc(C(C)(C)O)cnc21,1.0,1.0,1.0,1.0,1.0,0.0,1.0,0.0,1.0,1.0,0.17785176748760456,0.4244830883640791,0.17589039395887962,0.1799847404842998,0.3585739154577512,0.6854404951182733,0.013585003904465154,1.0124932387895509,0.15732155233749712,0.3841350251086393
Cc1ccc(O)c(C)c1-n1c(N)c(C(N)=O)c2nc(C)c(C)nc21,1.0,1.0,0.0,0.0,1.0,0.0,1.0,1.0,1.0,1.0,0.03107019996723359,0.1741677121505436,0.7836418964158334,0.9258307846549956,0.07315880106608397,0.520168879632644,0.30287532379082727,0.4211820776263835,0.13244257466389264,0.30970183378863414
Cc1ccc(O)c(C)c1-n1c(N)c(C(N)=O)c2nc(C3CC3)cnc21,0.0,1.0,1.0,1.0,1.0,1.0,0.0,1.0,0.0,0.0,0.6450134893097212,0.3559318490477299,0.3657309824855606,0.08094511515340308,0.4764805029016115,0.0553733143984072,0.5175688173813926,0.4929589438403319,0.7375822429202703,0.6411362404111856
Cc1ccc(O)c(C)c1-n1c(N)c(C(N)=O)c2nc(N3CCOCC3)cnc21,0.0,1.0,1.0,1.0,1.0,1.0,1.0,0.0,1.0,0.0,0.7448394154129367,0.197600797022095,0.385488484361618,0.34668161496293415,0.04796650794509283,0.15268402079874122,0.04652283073196717,0.9421256474277344,0.19014293480261024,0.5315553297297102
Cc1ccc(O)c(C)c1-n1c(N)c(C(N)=O)c2nc3c(-c4ccnn4C)cccc3nc21,1.0,1.0,1.0,0.0,1.0,1.0,1.0,0.0,1.0,1.0,0.24604383695172416,0.2043464453795325,0.03425320192472281,0.5547545819692257,0.29747678731775373,0.23872355198428696,0.09882437494666263,0.7939781515366215,0.1214541994048366,0.06692881101792825
Cc1ccc(O)c(C)c1-n1c(N)c(C(N)=O)c2nc3c(Br)cccc3nc21,0.0,0.0,0.0,0.0,0.0,0.0,0.0,0.0,1.0,0.0,0.8526902766898976,1.344330041647984,0.7272926418827987,1.3937466136677585,0.6925510042923637,0.7768948502499189,0.6328738128549904,0.7686691430187986,0.3423119399638841,0.7785124440001869
Cc1ccc(O)c(C)c1-n1c(N)c(C(N)=O)c2nc3c(C4=CCCC4)cccc3nc21,1.0,1.0,1.0,1.0,1.0,1.0,1.0,0.0,0.0,0.0,0.23516801691245615,0.21447156099598086,0.49283653923223625,0.2924535144221636,0.30081054935725327,0.2541398436218705,0.31275898133613556,0.8209228880866704,0.5190721339977893,0.5285463404792576
Cc1ccc(O)c(C)c1-n1c(N)c(C(N)=O)c2nc3cc(-c4ccnn4C)ccc3nc21,1.0,1.0,1.0,1.0,1.0,0.0,0.0,0.0,1.0,1.0,0.46881892837067074,0.0498738118230726,0.33142313093277664,0.4637622475010783,0.4005484062216844,0.6945227653928976,0.548908185155299,0.5755301166013176,0.4780558354596076,0.3641150425918944
Cc1ccc(O)c(C)c1-n1c(N)c(C(N)=O)c2nc3cc(C4=CCCC4)ccc3nc21,1.0,1.0,1.0,1.0,0.0,0.0,1.0,1.0,1.0,1.0,0.27186524755022035,0.3404285776585345,0.3588975870974984,0.06355523656941209,0.640940291030045,0.8583556284706981,0.42566941613196274,0.10430571174755876,0.2717115075707772,0.14502483608235117
Cc1ccc(O)c(C)c1-n1c(N)c(C(N)=O)c2nc3ccc(Br)cc3nc21,1.0,1.0,0.0,0.0,1.0,0.0,1.0,1.0,1.0,1.0,0.2598439266312802,0.2954237438904128,0.6199694907398898,1.0440731667597696,0.4510136129959932,0.6352409116476343,0.3948677051783456,0.14375451859326205,0.07303393306822681,0.36461934843356136
Cc1ccc(O)c(C)c1-n1c(N)c(C(N)=O)c2nc3cccc(-c4ccnn4C)c3nc21,1.0,1.0,1.0,1.0,1.0,1.0,1.0,0.0,1.0,1.0,0.31051811103165416,0.10257563700823713,0.27511339892524855,0.4035324364454187,0.2684813221788076,0.3261827468535534,0.265400721836917,1.0530326598698725,0.4168747107549944,0.3873745028362592
Cc1ccc(O)c(C)c1-n1c(N)c(C(N)=O)c2nc3cccc(C#N)c3nc21,0.0,0.0,0.0,0.0,1.0,1.0,0.0,1.0,0.0,1.0,0.7140223451002266,0.8912152590502007,0.6597189749386114,0.5596705457029314,0.3050948114028964,0.2329075743079132,0.6615277352952793,0.034589342313477545,0.5807181373533927,0.45210796245130425
Cc1ccc(O)c(C)c1-n1c(N)c(C(N)=O)c2nc3cccc(C4=CCCC4)c3nc21,1.0,1.0,1.0,1.0,1.0,1.0,1.0,1.0,1.0,1.0,0.010153939175728155,0.08807724733916444,0.1383335278036011,0.2301357077875963,0.232421614910316,0.2622066210916767,0.04144022290472105,0.34199312016308525,0.16975626622227757,0.014116531910670638
Cc1ccc(O)c(C)c1-n1c(N)c(C(N)=O)c2nccnc21,0.0,0.0,1.0,1.0,1.0,1.0,0.0,0.0,0.0,0.0,0.9441616318174937,0.7938004077035767,0.07518291278887901,0.4648115124591854,0.23363884866213436,0.32249745501706606,0.6238061233161014,0.9087439928081054,0.7226165871380479,0.975093185608527
Cc1ccc(O)c(C)c1-n1c(N)c2c3c(c(C)cnc31)CCNC2=O,0.0,1.0,1.0,1.0,1.0,1.0,1.0,0.0,1.0,1.0,0.7265127307813417,0.2913320756511073,0.025026839509997956,0.1403641945133849,0.35001205829826265,0.39675161277267357,0.20401294949250737,0.6762351989746094,0.4277643932695554,0.2734250392311175
Cc1ccc(O)c(C)c1-n1c(N)c2c3c(ncnc31)-c1ccccc1NC2=O,0.0,0.0,0.0,0.0,0.0,0.0,0.0,1.0,0.0,0.0,1.566405141732659,0.9079211275643848,1.2823859264912176,1.0421425317619057,0.5253455001862957,1.1787666172340208,0.6461637669872253,0.09398902676098686,0.8599774843631129,0.7012816324287527
Cc1ccc(O)c(C)c1-n1cc(C(N)=O)c2nc3ccccc3nc21,1.0,0.0,0.0,0.0,1.0,1.0,1.0,0.0,0.0,0.0,0.3799520570729973,0.8138508513909422,0.8418879185967665,0.6461335404707995,0.31121758590672144,0.10545776115877281,0.4791488978472316,1.8138540341062015,0.8243165211201058,1.051750866655822
Cc1ccc(O)c(C)c1-n1nc(-c2nccs2)c(C(N)=O)c1N,0.0,0.0,0.0,1.0,1.0,0.0,1.0,1.0,0.0,0.0,0.8912504053224408,0.884064019315816,0.7344020329055594,0.4365444455334204,0.11330307559498021,0.7072162567794633,0.33090612470861114,0.14330673217773438,0.6901277862403337,0.6425334394089379
Cc1ccc(O)c(C)c1C1C(N)=C(C(N)=O)C2C=C(C(C)C)C=NN21,0.0,0.0,1.0,1.0,1.0,1.0,1.0,0.0,0.0,0.0,0.8205790344555073,0.9702498082832527,0.05338789087500739,0.07254242882026585,0.17867165252429373,0.1724437558455829,0.019338718839724933,1.1238079071044922,1.214819329403939,0.6523803978103118
Cc1ccc(O)cc1-c1c(N)c(=O)[nH]c2cc(Cl)cnc12,1.0,1.0,1.0,1.0,0.0,1.0,1.0,0.0,0.0,0.0,0.4827758539824405,0.2974839073480009,0.14701953193527828,0.05158353223434098,0.8906992593451832,0.43436888489389247,0.429860219421216,0.955326967755127,0.5553742958493864,0.5252454689022805
Cc1ccc(O)cc1-n1c(N)c(C(N)=O)c2cc3ccccc3nc21,0.0,1.0,1.0,1.0,1.0,1.0,0.0,0.0,0.0,0.0,0.7840567644526484,0.06400653649244425,0.022159234943313955,0.2973935811123116,0.12193503979235132,0.003395501783654886,0.6836641572760769,0.5584640476730955,1.1327517428100995,0.7382616380644373
Cc1ccc(O)cc1-n1c(N)c(C(N)=O)c2nc3ccccc3cc21,0.0,0.0,0.0,1.0,0.0,0.0,0.0,0.0,0.0,0.0,1.1771332101452083,0.7434540275120849,0.6797174695335855,0.4876730946746619,0.6635750722345914,0.861229626115211,0.9837347026927441,0.9571772163859862,0.8304480179099283,1.0196860107437926
Cc1ccc(O)cc1-n1c(N)c(C(N)=O)c2nc3ccccc3nc21,1.0,1.0,1.0,1.0,1.0,1.0,0.0,0.0,1.0,1.0,0.06045732554320349,0.30544579595402155,0.06941434298279336,0.21074589719103898,0.46942554444907536,0.17731269787443793,0.6995511513249832,0.5400017562106934,0.4663107193102256,0.42726579466148884
Cc1ccc(O)cc1Nc1ccnc2ccc(S(C)(=O)=O)cc12,1.0,1.0,1.0,1.0,1.0,0.0,1.0,0.0,1.0,1.0,0.05273863559844827,0.1751623076797637,0.2836972188474407,0.06540716433946248,0.23370213643121218,0.8286292521697574,0.3196145458463304,0.818616503665039,0.10182723402322935,0.1633058109087484
Cc1ccc2[nH]ncc2c1-n1c(N)c(C(N)=O)c2nc3ccccc3nc21,0.0,0.0,0.0,0.0,0.0,0.0,0.0,0.0,1.0,0.0,0.9271307443705998,1.1230974836481833,1.1193226817045376,0.5988913038703902,1.1882801778015395,0.5067178654426563,1.1137058028808084,1.5424062779797367,0.41481792433999587,1.5841426673483818
Cc1ccnc2c(-c3ccc(Cl)c4[nH]ncc34)c(N)c(=O)[nH]c12,0.0,1.0,0.0,1.0,1.0,1.0,0.0,1.0,1.0,1.0,0.7658526285583953,0.4109614390591467,0.5480149709174986,0.15793052871029722,0.18562236470319604,0.08677091721228436,0.5067144851344532,0.032876230727538314,0.43283085724861525,0.48602982220376667
Cc1cn(CCN2CCN(c3ccccc3-c3cc(C#N)cc(C(=O)NCCCN4CCCC4)c3)CC2)c2ccccc12,0.0,0.0,0.0,0.0,0.0,0.0,0.0,0.0,0.0,0.0,1.3524361328638914,1.4819495142973693,1.5238126904516696,1.3696845945051894,0.7149409487348874,1.720437833235036,1.5848597983785053,2.0580819407326656,1.5809256603683428,1.525570608904304
Cc1cnc2c(-c3ccc(F)c4[nH]ncc34)c(N)c(=O)[nH]c2c1,1.0,1.0,1.0,1.0,1.0,1.0,1.0,1.0,1.0,1.0,0.11176777308193042,0.1459065265453363,0.278714710727769,0.0912830267659901,0.16876927184852786,0.08324937874061078,0.06529898116666555,0.07056937454370082,0.06186020110451196,0.09387766756548732
Cc1cnc2c(-c3ccc(F)c4[nH]ncc34)c(N)c(=O)[nH]c2c1C,1.0,1.0,1.0,1.0,1.0,1.0,1.0,0.0,1.0,1.0,0.4483896117618906,0.0043864545186256265,0.2053369911416496,0.1657177994753578,0.0034212862826388246,0.022896165516362643,0.06145648663721559,0.5300310855456534,0.28962317822167094,0.22029270503535514
Cc1cnc2c(-c3cccc4[nH]ncc34)c(N)c(=O)[nH]c2c1,1.0,1.0,1.0,1.0,1.0,1.0,1.0,1.0,1.0,1.0,0.10334421338333133,0.022593783860825667,0.3535321467674386,0.4721761027241129,0.0302762120672595,0.00626467002548825,0.11495239229250309,0.0735900967641605,0.3172910103623314,0.08948848093163164
Cc1cnc2c(C(N)=O)c(N)n(-c3c(C)ccc(O)c3C)c2n1,0.0,0.0,0.0,0.0,0.0,0.0,0.0,0.0,0.0,0.0,1.2859165041388323,1.3957798653717095,1.051798443066386,1.0655664868116679,1.2000154646588959,0.6107326076980542,1.1496476847708328,1.4624123604521486,1.3707580077307204,1.6950856450379614
Cc1cnc2c(c1)c(C(N)=O)c(N)n2-c1c(C)ccc(O)c1C,0.0,0.0,0.0,0.0,1.0,1.0,1.0,0.0,0.0,0.0,1.2890592198078945,1.1310131743034404,0.5402389777249939,0.8227759785754509,0.3288789038115505,0.1187331205006803,0.34488854210388276,1.0911663135092766,0.9674316790828916,0.996067021215552
Cc1cnc2c(n1)c(C(N)=O)c(N)n2-c1c(C)ccc(O)c1C,0.0,0.0,1.0,0.0,0.0,1.0,1.0,0.0,1.0,0.0,0.9173886602352797,0.945618484003492,0.3562221012269351,0.886535873578552,0.6339638787442601,0.09156299969847925,0.4549183680977693,0.9816621278027347,0.2967557960356144,0.7262475541612643
Cc1nc(C)c2[nH]c(=O)c(N)c(-c3ccc(F)c4[nH]ncc34)c2n1,1.0,0.0,1.0,1.0,1.0,1.0,1.0,0.0,1.0,0.0,0.3344921366619369,0.5409540915776825,0.4488034708633357,0.38117700727694803,0.005087879524422689,0.0365427388754096,0.09950260945500133,0.9652304649353027,0.46630195783422135,0.5377395904694415
Cc1nc(Nc2ncc(C(=O)Nc3c(C)cccc3Cl)s2)cc(N2CCN(CCO)CC2)n1,1.0,1.0,1.0,1.0,1.0,1.0,1.0,1.0,1.0,1.0,0.38979472251360825,0.29023427856585027,0.11441056327263777,0.1385766464648981,0.25641641980416896,0.18698441694812384,0.12614637240151794,0.3639071612436524,0.15444124690510463,0.05365764160237507
Cc1nc(Nc2ncc(C(=O)Nc3c(C)cccc3Cl)s2)cc(N2CCN(CCO)CC2)n1.O,0.0,0.0,1.0,1.0,1.0,1.0,0.0,0.0,1.0,0.0,0.9109200332772129,0.6588458860832294,0.4653396384734272,0.3374464720268202,0.26232763402863224,0.28581877478170625,0.5580431763013047,1.4428144253632809,0.4827391059555488,0.5463083374050459
Cc1nc(Nc2ncc(C(=O)Nc3ccccc3Cl)s2)cc(N2CCN(CCO)CC2)n1,0.0,0.0,0.0,1.0,0.0,1.0,0.0,1.0,0.0,0.0,1.0915756846681024,0.8476425727531964,0.5980419555763152,0.41661490811452495,0.8965264589991602,0.43712405644972385,0.8978005151137607,0.2666421688935543,0.6122858641355453,0.6776195783129237
Cc1nc2c3c(c(N)n(-c4c(C)ccc(O)c4C)c3n1)C(=O)NCC2,1.0,1.0,1.0,1.0,1.0,1.0,1.0,0.0,0.0,1.0,0.3358416460714446,0.061615140494089005,0.06175357493583622,0.16174738671606015,0.23849967785981363,0.2840241139076394,0.11655988277028051,0.9392175674438477,0.6595687126570011,0.1776373030177787
Cc1nc2c3c(c(N)n(-c4c(C)ccc(O)c4C)c3n1)C(=O)Nc1ccccc1-2,0.0,0.0,0.0,0.0,1.0,0.0,0.0,0.0,0.0,0.0,1.366257933723329,0.8693844920131149,1.538131379835388,1.4428577971866199,0.3305117550764969,0.685985270465145,0.7891124544336119,1.3218171758603514,1.4339699696962178,1.3410579092596917
Cc1ncc(-c2[nH]c3ncc(-c4c(C)ccc(O)c4C)nc3c2Cl)cn1,0.0,0.0,0.0,0.0,1.0,1.0,0.0,1.0,0.0,0.0,1.0520415479398784,0.7087688809438699,1.1823899513947183,0.5177555134693854,0.3842752893714705,0.42985999330512037,0.8760120263468902,0.4502420425415039,0.8012820523974993,0.6869121328614591
Cc1ncc2c(C(N)=O)c(N)n(-c3c(C)c(O)cc(F)c3C)c2n1,0.0,0.0,1.0,1.0,0.0,0.0,0.0,1.0,1.0,1.0,0.6071275996273897,0.8391575968990983,0.2338150917094488,0.486421892723075,0.8604859959987134,0.7523410852823771,0.7456502388708213,0.2649036631850583,0.4587805840927226,0.2973051836431573
Cc1ncc2c(C(N)=O)c(N)n(-c3c(C)ccc(O)c3C)c2n1,0.0,1.0,0.0,0.0,1.0,1.0,1.0,1.0,0.0,1.0,0.5881642597236674,0.36458488881342,0.5804280194252778,0.5008919723907157,0.019800596242319557,0.335904817697422,0.15103763800582382,0.497974545759277,0.6301276818473331,0.32106354746374954
Cn1c(=O)c(-c2c(Cl)cccc2Cl)cc2cnc(Nc3ccc(N4CCOCC4)cc3)nc21,0.0,0.0,0.0,0.0,0.0,0.0,0.0,0.0,0.0,0.0,1.3597099460005486,1.293046012175159,1.1836516552129952,1.410251368314654,1.3291748772980254,1.354552938171813,1.4242593141566493,0.5923624371184086,1.3882284602542683,1.1113122392523973
NC(=O)c1c(N)n(-c2c(Cl)ccc(O)c2Cl)c2nc3ccccc3nc12,1.0,1.0,0.0,0.0,0.0,1.0,0.0,1.0,1.0,1.0,0.07189648897521739,0.24267952121920366,0.6230092573002244,0.6203322387308372,0.7668786350158117,0.3753623571876554,1.0037246100003205,0.28933226075512763,0.12018588170799305,0.49096956080209875
NC(=O)c1c(N)n(-c2cccc(O)c2)c2nc3ccccc3nc12,1.0,0.0,1.0,1.0,1.0,1.0,0.0,1.0,0.0,0.0,0.41031145538215963,0.9136136783625268,0.028904206687984768,0.18911589987041033,0.4241844286580303,0.2913544991289454,0.5919402552611492,0.3839147654104007,0.8468383446369847,0.5129571856241668
NC(=O)c1c(N)n(-c2cccc3[nH]cnc23)c2nc3ccccc3nc12,0.0,0.0,0.0,0.0,0.0,0.0,0.0,0.0,0.0,0.0,1.6367635059530805,1.3357675582824404,1.1364840026172516,1.0710323984671772,0.6162490668446532,0.9072529908057296,0.6483510337455778,0.6861847201210933,1.2955348612081252,1.0990280334347693
NC(=O)c1c(N)n(-c2cccc3[nH]ncc23)c2nc3ccccc3nc12,0.0,0.0,0.0,1.0,0.0,0.0,0.0,0.0,0.0,0.0,0.5498348940285913,1.6265050183568075,0.5124656044275824,0.10548348506210559,0.9334030432222207,0.5326448486481397,0.593710908005642,1.2121704905095214,0.5481278543680945,1.2070970367998788
NC(=O)c1c(N)n(-c2cccc3[nH]nnc23)c2nc3ccccc3nc12,0.0,1.0,0.0,0.0,0.0,0.0,0.0,0.0,0.0,0.0,1.5179348361227945,0.2166476827590218,1.4803267504891942,1.9368493697780425,0.5208507887895735,1.408478077748522,1.0193898500389116,0.8239405909401851,1.5561867312790154,0.883406359867501
NC(=O)c1cccc(Nc2nccc(Nc3cccc4[nH]ncc34)n2)c1,1.0,1.0,1.0,1.0,0.0,1.0,1.0,0.0,1.0,0.0,0.46059436497167194,0.3819704853499504,0.17661977750001245,0.288832232243986,0.8576712465786507,0.4429493308520094,0.3714961366604559,1.4792356391745605,0.11998023552951498,0.5750180449285374
NC(=O)c1cccc(Nc2nccc(Nc3cccc4c3NNC4)n2)c1,1.0,1.0,1.0,1.0,1.0,1.0,1.0,0.0,1.0,1.0,0.13378276110956744,0.16736661662865604,0.15659157694768222,0.17885883479574005,0.13907236257417388,0.018688635543499643,0.19292350952587345,0.9276194671791993,0.15442414414545347,0.004237936563587397
Nc1c(-c2c(Cl)cc(F)c3[nH]ncc23)c2ncc(Cl)cc2[nH]c1=O,0.0,1.0,0.0,0.0,1.0,0.0,0.0,0.0,0.0,0.0,0.5985128593526623,0.4364495102881616,0.7226874705992152,0.5696804148099233,0.4263735568516518,0.6528757419349365,0.6228198979430548,1.3915461739882815,0.7726305791986627,0.6814532316813864
Nc1c(-c2c(F)ccc3[nH]ncc23)c2ncc(Cl)cc2[nH]c1=O,1.0,1.0,1.0,1.0,1.0,1.0,1.0,1.0,1.0,1.0,0.003940694310879067,0.10462868812761794,0.2241076044298147,0.3245695122949188,0.40283769684592396,0.25935891935958466,0.2857278332916664,0.40699458623608376,0.21099010779189165,0.21225264734558014
Nc1c(-c2cc(F)c(F)c3[nH]ncc23)c2ncc(Cl)cc2[nH]c1=O,1.0,1.0,1.0,1.0,1.0,1.0,1.0,1.0,1.0,1.0,0.13414793689905835,0.06860148903989138,0.2795300887333294,0.4809827242042486,0.12897736853422348,0.04934107008797639,0.07764396971582421,0.10300960405957049,0.17095647158132543,0.015531389874992918
Nc1c(-c2ccc(C(F)(F)F)c3[nH]ncc23)c2ncc(Cl)cc2[nH]c1=O,1.0,1.0,0.0,0.0,0.0,0.0,0.0,0.0,0.0,0.0,0.43677313786294913,0.2728864450849029,0.6470642464577221,0.5522583752835502,1.2069278825737948,1.0814931633035538,1.1009243284339023,0.7891286981166994,0.9810889631028896,0.8841248997704811
Nc1c(-c2ccc(Cl)c3[nH]ncc23)c2ncc(Cl)cc2[nH]c1=O,0.0,0.0,0.0,0.0,0.0,1.0,0.0,0.0,0.0,0.0,1.024542925878884,0.7269031773614625,0.7764833254674395,0.5345508610121197,0.5465640005714061,0.41375880025446055,0.738509627459428,0.9825290129177251,0.6831888291243322,0.9205087241343168
Nc1c(-c2ccc(F)c3[nH]ncc23)c2ncc(-c3ccccn3)cc2[nH]c1=O,1.0,0.0,0.0,0.0,0.0,1.0,0.0,0.0,1.0,0.0,0.28932074000056573,1.2628498464413296,0.7945790908357235,1.2010800786638463,1.0475042876413374,0.4625599718700588,0.9464007579005704,0.9277295750659178,0.43206878500066903,0.5480501281185433
Nc1c(-c2ccc(F)c3[nH]ncc23)c2ncc(C(F)(F)F)cc2[nH]c1=O,1.0,0.0,0.0,1.0,1.0,1.0,1.0,1.0,1.0,1.0,0.3084956302310511,0.8431058473807482,0.5363740075786705,0.40262846921355777,0.38984827210281026,0.27574834754876854,0.3658543963794587,0.3399431586181638,0.40544193863633016,0.47927848215904056
Nc1c(-c2ccc(F)c3[nH]ncc23)c2ncc(Cl)cc2[nH]c1=O,1.0,1.0,1.0,0.0,1.0,1.0,1.0,1.0,1.0,1.0,0.31902826758178104,0.09484846124779,0.38979169210888287,0.519245064569211,0.39237302615393244,0.14692913621732995,0.29763973338416694,0.17626793114176476,0.45536556013344054,0.46786984691649813
Nc1c(-c2cccc(O)c2)c2cc(Cl)ccc2[nH]c1=O,0.0,1.0,1.0,1.0,0.0,0.0,1.0,0.0,0.0,1.0,0.7044038674772759,0.023578833606309857,0.4262231406018264,0.4760839954069125,0.5257856860875698,0.6236934986864693,0.031023398782726197,0.6735543081174313,0.6558839128822216,0.3827962700944383
Nc1c(-c2cccc(O)c2)c2ncc(Cl)cc2[nH]c1=O,0.0,1.0,0.0,1.0,0.0,0.0,0.0,0.0,0.0,0.0,1.18470844186555,0.3554230109707719,1.0009811555846584,0.2857228162018295,0.8322935708566437,0.5253393102855259,0.7689816629673238,0.8618753358969728,1.0428166756707204,0.730528766000945
Nc1c(-c2cccc3[nH]ncc23)cc(-c2cnn(C3COC3)c2)c2nc(-c3ccncc3)[nH]c(=O)c12,0.0,0.0,0.0,0.0,0.0,0.0,0.0,0.0,0.0,0.0,2.1229784044513247,2.6044362179119513,2.7052771993943194,2.7870252861112403,1.8772735205558995,1.6359128842276602,1.9226980111274452,0.7409696578979492,2.282349453667943,2.332219643947213
Nc1c(-c2cccc3c2CC(=O)N3)c2ncc(Cl)cc2[nH]c1=O,0.0,0.0,0.0,0.0,0.0,0.0,0.0,0.0,0.0,0.0,1.6500844884233405,1.7074410746964785,1.696981119410231,1.9798572430439663,2.1758566482322417,2.151177992648906,1.9239653264136116,1.033245415015137,1.4403762067401225,1.664678128569805
O=C(Nc1cccc(-c2nn3ncccc3c2-c2ccnc(Nc3cccnc3)n2)c1)c1c(F)cccc1F,0.0,0.0,0.0,0.0,1.0,1.0,0.0,1.0,0.0,0.0,0.9192351059768997,0.9782210016684738,1.4223240231214564,1.5301881608839896,0.11699234851759588,0.3595465760097394,1.0381650806445704,0.27031138733447246,0.8695402523452325,0.8727328633022653
O=C(O[C@@H]1Cc2c(O)cc(O)cc2O[C@@H]1c1cc(O)c(O)c(O)c1)c1cc(O)c(O)c(O)c1,1.0,1.0,1.0,1.0,1.0,1.0,0.0,1.0,0.0,1.0,0.24758374544830275,0.16420731599345206,0.3103921733259103,0.16453531658913167,0.11055411682127314,0.046061613015991654,0.5797032447435777,0.13121929670581078,0.5838856072900143,0.262101973317435
O=C(O[C@@H]1Cc2c(O)cc(O)cc2O[C@H]1c1cc(O)c(O)c(O)c1)c1cc(O)c(O)c(O)c1,1.0,1.0,1.0,1.0,1.0,1.0,1.0,1.0,0.0,1.0,0.2311358027672501,0.0357125223930872,0.20776593896397877,0.035233798416074436,0.023664447933829713,0.03299210433693389,0.43425348693169585,0.19728547029931676,0.853734720024903,0.2716584033729612
O=c1c(-c2ccc(O)cc2)coc2cc(O)cc(O)c12,0.0,0.0,0.0,0.0,0.0,0.0,0.0,0.0,0.0,0.0,2.214775158630613,2.0413696668745107,2.4785409805481136,2.100082340567627,1.7913598163954454,2.101140399993307,1.94295718943473,3.0054278282502445,2.2897831295144444,2.0927245498639913
Oc1cccc(Nc2ccnc3cc(-c4ccncc4)ccc23)c1,1.0,1.0,1.0,0.0,0.0,1.0,0.0,0.0,1.0,1.0,0.27409276690498974,0.39491273066526045,0.43459398724799136,0.9290463410501619,1.1741293027743422,0.28395153048028554,0.5653988393019835,0.9221357699755863,0.3477584548068817,0.4675476778651735
Oc1cccc(Nc2nc(Nc3ccc(N4CCOCC4)cc3)ncc2Cl)c1,1.0,1.0,1.0,1.0,1.0,1.0,1.0,1.0,1.0,1.0,0.4666008939249995,0.474994325830556,0.13310478510645662,0.47578388523215853,0.1618766856199576,0.2531035041747165,0.13167541060120413,0.22476497815283203,0.18245635475755417,0.3512659103087161
